road_name,year,road_type,all_motor_vehicles,LGVs,all_HGVs,cars_and_taxis,lgv_share,road_length_km,count_points,log_road_length,log_total_traffic,collision_count,fatal_count,serious_count,slight_count,severe_count
A34,2017,A road,20483.5,2126.8636363636365,336.04545454545456,17477.045454545456,0.10836881924639358,19.2,22,2.954910279033736,9.92737496298947,66,0,8,58,8
A34,2018,A road,19889.545454545456,2079.909090909091,335.95454545454544,16939.227272727272,0.10726657015682738,19.6,22,2.975529566236472,9.897949518622855,53,0,10,43,10
A34,2019,A road,19050.81818181818,2012.8636363636363,340.1363636363636,16175.5,0.10606452922218204,19.6,22,2.975529566236472,9.854865328809366,62,1,7,54,8
A34,2020,A road,13798.045454545454,1791.2272727272727,307.59090909090907,11348.09090909091,0.12696563731393837,19.6,22,2.975529566236472,9.532282227385702,33,2,3,28,5
A34,2021,A road,16021.91304347826,2133.2608695652175,339.82608695652175,13155.478260869566,0.12712548450065658,19.5,23,2.970414465569701,9.681712629440291,38,0,9,29,9
A34,2022,A road,18140.590909090908,2233.5,347.8181818181818,15126.545454545454,0.12272710707794705,19.5,22,2.970414465569701,9.805907298060898,55,1,13,41,14
A34,2023,A road,18580.909090909092,2263.7272727272725,358.59090909090907,15524.227272727272,0.12229386364027083,19.5,22,2.970414465569701,9.829889939637454,42,0,13,29,13
A34,2024,A road,19199.608695652172,2217.608695652174,325.39130434782606,16229.173913043478,0.11889006226221047,19.5,23,2.970414465569701,9.862645177373407,48,0,12,36,12
A49,2017,A road,18450.95,2537.1,511.3,15055.7,0.1406356430251596,18.8,20,2.9338568698359038,9.822871138657987,28,0,7,21,7
A49,2018,A road,18251.35,2431.55,490.5,14999.75,0.1332585982870771,19.5,20,2.970414465569701,9.811994328877539,33,0,7,26,7
A49,2019,A road,18383.95,2390.95,487.5,15183.25,0.12950087942681585,19.5,20,2.970414465569701,9.819233280328529,28,2,5,21,7
A49,2020,A road,14998.8,2115.65,430.1,12230.3,0.14098760232230376,19.5,20,2.970414465569701,9.615725476884176,17,0,3,14,3
A49,2021,A road,16339.363636363636,2309.7272727272725,460.8636363636364,13336.681818181818,0.14143632201436793,22.4,22,3.109060958860994,9.701332422512628,17,0,4,13,4
A49,2022,A road,17506.31818181818,2502.3636363636365,467.77272727272725,14281.09090909091,0.1431026713968201,22.4,22,3.109060958860994,9.770317133713762,15,0,3,12,3
A49,2023,A road,17801.590909090908,2531.318181818182,447.72727272727275,14567.227272727272,0.14252369656639416,22.4,22,3.109060958860994,9.787043109201518,14,0,4,10,4
A49,2024,A road,18077.68181818182,2527.818181818182,421.72727272727275,14870.318181818182,0.14026840800647927,22.4,22,3.109060958860994,9.802433407704617,17,0,8,9,8
A5014,2017,A road,14506,1673,173.25,12334.5,0.11740845613018036,3.1,4,1.1314021114911006,9.582317635923358,4,0,1,3,1
A5014,2018,A road,14138.25,1540,176.5,12128,0.11316853365418389,3.1,4,1.1314021114911006,9.556639169415131,3,0,0,3,0
A5014,2019,A road,14273,1526.75,175.75,12280.5,0.11115456205625147,3.1,4,1.1314021114911006,9.566124919629768,11,0,2,9,2
A5014,2020,A road,10114,1238.5,143.25,8549.75,0.12778813924617902,3.1,4,1.1314021114911006,9.221675881639928,4,0,0,4,0
A5014,2021,A road,11113.25,1350,153.75,9419.25,0.1267873048223837,3.1,4,1.1314021114911006,9.315893369108261,3,0,0,3,0
A5014,2022,A road,12118.75,1450.5,150.5,10296,0.12182714513399362,3.1,4,1.1314021114911006,9.402509118990961,5,0,1,4,1
A5014,2023,A road,12013,1421.25,136.25,10249.75,0.12051569941954965,3.1,4,1.1314021114911006,9.393744675721376,9,1,3,5,4
A5014,2024,A road,12196,1447,136.5,10405,0.1208646721670251,3.1,4,1.1314021114911006,9.408863308108145,4,0,2,2,2
A5062,2017,A road,8352,1188,145,6734,0.14224137931034483,0.2,1,-1.6094379124341003,9.03025631012242,1,0,0,1,0
A5062,2018,A road,7076,639,64,6123,0.09030525720746184,0.2,1,-1.6094379124341003,8.864464055279676,0,0,0,0,0
A5062,2019,A road,7148,633,64,6199,0.08855623950755456,0.2,1,-1.6094379124341003,8.87458787627932,1,0,1,0,1
A5062,2020,A road,5485,559,56,4709,0.10191431175934366,0.2,1,-1.6094379124341003,8.609772372709331,0,0,0,0,0
A5062,2021,A road,6024,609,60,5188,0.10109561752988047,0.2,1,-1.6094379124341003,8.703506769479729,0,0,0,0,0
A5062,2022,A road,6444,660,62,5541,0.10242085661080075,0.2,1,-1.6094379124341003,8.770904744296866,0,0,0,0,0
A5062,2023,A road,6559,671,61,5645,0.10230218021039793,0.2,1,-1.6094379124341003,8.788593431293735,0,0,0,0,0
A5062,2024,A road,6659,683,62,5731,0.10256795314611804,0.2,1,-1.6094379124341003,8.803724602110622,1,0,1,0,1
A5063,2017,A road,22705.428571428572,3219,632.1428571428571,18640.571428571428,0.14516170790250593,4.6000000000000005,7,1.5260563034950494,10.030359318994893,8,0,2,6,2
A5063,2018,A road,23777.714285714286,2681.5714285714284,548.8571428571429,20330.714285714286,0.12260762539384348,4.6000000000000005,7,1.5260563034950494,10.076504046437234,17,0,3,14,3
A5063,2019,A road,24135.85714285714,2547.714285714286,544,20801.714285714286,0.10889905940119449,4.6000000000000005,7,1.5260563034950494,10.091453861980526,8,0,0,8,0
A5063,2020,A road,18694.428571428572,2248.714285714286,478.57142857142856,15800.42857142857,0.12403807389001052,4.6000000000000005,7,1.5260563034950494,9.835980821093765,5,1,1,3,2
A5063,2021,A road,20547.85714285714,2451.285714285714,514.4285714285714,17407.714285714286,0.12303199150374142,4.6000000000000005,7,1.5260563034950494,9.930511939200578,6,0,3,3,3
A5063,2022,A road,21973.85714285714,2657.285714285714,533.8571428571429,18592.85714285714,0.12470291712104362,4.6000000000000005,7,1.5260563034950494,9.997608714049976,3,0,2,1,2
A5063,2023,A road,21833,2646.714285714286,473,18538.714285714286,0.12422278121675896,4.6000000000000005,7,1.5260563034950494,9.991177865663117,5,1,2,2,3
A5063,2024,A road,22161.428571428572,2694,470.2857142857143,18819.85714285714,0.12456365986290142,4.6000000000000005,7,1.5260563034950494,10.006108605003064,5,2,0,3,2
A5066,2017,A road,10192.25,1489,222.5,8338.25,0.14649424273305733,4.5,4,1.5040773967762742,9.229382906553498,8,0,1,7,1
A5066,2018,A road,8986,1258.5,203,7393.5,0.13981033892809291,4.5,4,1.5040773967762742,9.103423089630105,8,0,2,6,2
A5066,2019,A road,8352.75,1122.75,195.75,6921.5,0.13271196923465226,4.5,4,1.5040773967762742,9.03034610494132,7,0,2,5,2
A5066,2020,A road,7143.5,965,117.5,5988.5,0.13462494880907191,4.5,4,1.5040773967762742,8.873958131305212,4,0,1,3,1
A5066,2021,A road,7555.25,972.75,120.5,6390.75,0.12870819349720602,4.5,4,1.5040773967762742,8.929997964827788,4,0,1,3,1
A5066,2022,A road,8082.75,1054.5,125,6825.75,0.13042136466673354,4.5,4,1.5040773967762742,8.99748744014505,5,0,1,4,1
A5066,2023,A road,8227,1072.25,123.25,6954.25,0.1302960582210743,4.5,4,1.5040773967762742,9.01517670716893,4,0,0,4,0
A5066,2024,A road,8353.25,1091.5,123.75,7059.5,0.13063431707942624,4.5,4,1.5040773967762742,9.030405963674726,6,0,4,2,4
A5067,2017,A road,10503.833333333334,1294.3333333333333,137.16666666666666,8686.833333333334,0.12428153721491711,3.8,6,1.33500106673234,9.259495548885438,11,0,3,8,3
A5067,2018,A road,10540.666666666666,1223,138.16666666666666,8819.666666666666,0.11442518857833504,3.8,6,1.33500106673234,9.26299607120198,16,0,3,13,3
A5067,2019,A road,11081.5,1140.6666666666667,160,9435.5,0.10260213307011702,3.8,6,1.33500106673234,9.313032330199729,8,0,1,7,1
A5067,2020,A road,8539.166666666666,1006.6666666666666,140.66666666666666,7167,0.11748820864699808,3.8,6,1.33500106673234,9.052418702005763,9,0,1,8,1
A5067,2021,A road,9377.666666666666,1097.5,150.83333333333334,7895.833333333333,0.11662994920921704,3.8,6,1.33500106673234,9.146086254836405,11,0,1,10,1
A5067,2022,A road,9663,1055.3333333333333,149.16666666666666,8190.666666666667,0.1082406076029457,3.8,6,1.33500106673234,9.176059437999308,10,0,3,7,3
A5067,2023,A road,9834,1073.1666666666667,146.83333333333334,8344.833333333334,0.10815092607298217,3.8,6,1.33500106673234,9.193601047971885,8,0,2,6,2
A5067,2024,A road,9982.333333333334,1092.5,147.33333333333334,8471.333333333334,0.10846179419085325,3.8,6,1.33500106673234,9.208572142913534,9,0,2,7,2
A5079,2017,A road,11095,941,143,9891,0.08481297881928797,1.6,1,0.47000362924573563,9.314249835366695,2,0,1,1,1
A5079,2018,A road,10996,959,144,9782,0.08721353219352491,1.6,1,0.47000362924573563,9.305286849285137,3,0,0,3,0
A5079,2019,A road,11108,950,143,9905,0.08552394670507742,1.6,1,0.47000362924573563,9.31542084842669,3,0,0,3,0
A5079,2020,A road,8561,839,126,7523,0.09800256979324845,1.6,1,0.47000362924573563,9.054972284742485,1,0,0,1,0
A5079,2021,A road,9413,914,135,8289,0.09709975565707,1.6,1,0.47000362924573563,9.14984699154722,2,0,0,2,0
A5079,2022,A road,10065,991,139,8853,0.09846000993541977,1.6,1,0.47000362924573563,9.216819338073892,2,0,1,1,1
A5079,2023,A road,10247,1008,137,9020,0.09837025470869523,1.6,1,0.47000362924573563,9.234740258799718,3,0,1,2,1
A5079,2024,A road,11597,968,74,10511,0.08346986289557644,1.6,1,0.47000362924573563,9.358501722956703,4,0,1,3,1
A5081,2017,A road,19871.666666666668,3423.6666666666665,1886.3333333333333,14295.333333333334,0.17023576752177613,4.3999999999999995,3,1.4816045409242153,9.897050210572123,16,0,6,10,6
A5081,2018,A road,19802,3487.6666666666665,1925.3333333333333,14138,0.17405677603307296,5,3,1.6094379124341003,9.89353822168246,12,0,4,8,4
A5081,2019,A road,19952.666666666668,3457.3333333333335,1934.6666666666667,14315.333333333334,0.17123440088116854,5,3,1.6094379124341003,9.901118080887393,15,0,4,11,4
A5081,2020,A road,14005.333333333334,3114,1824.3333333333333,8913.666666666666,0.21530131035256594,5,3,1.6094379124341003,9.547193488434413,4,0,1,3,1
A5081,2021,A road,15331,3394.6666666666665,1956,9819.666666666666,0.21434593959563245,5,3,1.6094379124341003,9.637632201310455,7,0,1,6,1
A5081,2022,A road,19566,3617,1780.6666666666667,13980.333333333334,0.1921732243816221,5,3,1.6094379124341003,9.881548645017373,7,0,2,5,2
A5081,2023,A road,19847.333333333332,3678.3333333333335,1738.3333333333333,14243,0.19260000598816376,5,3,1.6094379124341003,9.895824936200782,5,0,1,4,1
A5081,2024,A road,20103.666666666668,3744,1710,14459,0.19347177226023776,5,3,1.6094379124341003,9.908657498637636,11,0,5,6,5
A5082,2017,A road,12459.5,2185.1666666666665,390,9757.833333333334,0.17239135227187738,6.5,6,1.8718021769015913,9.430238663125364,16,0,6,10,6
A5082,2018,A road,11902.333333333334,1966.8333333333333,347,9444.5,0.16656829108727889,6.6,6,1.8870696490323797,9.38448973831013,5,1,1,3,2
A5082,2019,A road,12000.666666666666,1949.6666666666667,347,9562.833333333334,0.16377985841874768,6.6,6,1.8870696490323797,9.39271748278254,10,1,1,8,2
A5082,2020,A road,9752.333333333334,1597.8333333333333,380.5,7661,0.1626840970389731,6.6,6,1.8870696490323797,9.185261851599646,6,0,0,6,0
A5082,2021,A road,10847.666666666666,1769.1666666666667,411.6666666666667,8547.166666666666,0.162182333897703,6.6,6,1.8870696490323797,9.291705282077789,8,1,2,5,3
A5082,2022,A road,11602.666666666666,1918,426.1666666666667,9129.166666666666,0.1643858923855107,6.6,6,1.8870696490323797,9.358990235732406,2,0,1,1,1
A5082,2023,A road,11800.166666666666,1950.6666666666667,419.5,9300.666666666666,0.16439047132012577,6.6,6,1.8870696490323797,9.375868934647794,4,0,0,4,0
A5082,2024,A road,12675.333333333334,1968,407.6666666666667,10167.666666666666,0.15456574702442324,6.6,6,1.8870696490323797,9.447413126601422,6,0,3,3,3
A5102,2017,A road,16524.4,1871.8,287.6,14216.2,0.11252397163563892,8.9,5,2.186051276738094,9.712593355437415,10,0,3,7,3
A5102,2018,A road,16397.4,1907,290,14059.8,0.1155179768739898,9.2,5,2.2192034840549946,9.704878064658672,7,0,1,6,1
A5102,2019,A road,15962.6,1749.2,279,13800,0.10906932110223938,9.2,5,2.2192034840549946,9.678003765004021,6,2,1,3,3
A5102,2020,A road,12324.4,1558.2,251.4,10429.8,0.12545254575624243,9.2,5,2.2192034840549946,9.419336316184324,12,0,6,6,6
A5102,2021,A road,13548.2,1698.6,269.8,11490.6,0.12440101717730442,9.2,5,2.2192034840549946,9.514008976155242,7,0,0,7,0
A5102,2022,A road,14490.6,1841.6,279.4,12273,0.1261094833738208,9.2,5,2.2192034840549946,9.581255442324942,7,0,3,4,3
A5102,2023,A road,14761.8,1852.6,225,12585.6,0.12420462773303176,9.2,5,2.2192034840549946,9.59979804193853,2,0,2,0,2
A5102,2024,A road,14595.2,1745.8,186.4,12567.4,0.11912928479227773,9.2,5,2.2192034840549946,9.588447986517382,8,0,3,5,3
A5103,2017,A road,42376.36363636364,4336.909090909091,849.5454545454545,36244.72727272727,0.10601182764553459,10.5,11,2.3513752571634776,10.654346024374151,43,0,8,35,8
A5103,2018,A road,41085.27272727273,4591.909090909091,884.0909090909091,34748,0.1134295678229365,10.9,11,2.388762789235098,10.623405008465994,42,1,5,36,6
A5103,2019,A road,43932.818181818184,4828.818181818182,971.0909090909091,37284.454545454544,0.1115674795714276,10.9,11,2.388762789235098,10.69041688655841,38,0,5,33,5
A5103,2020,A road,30496.18181818182,4391.454545454545,1115.4545454545455,24438.090909090908,0.1426271954124334,10.9,11,2.388762789235098,10.325356768469925,17,0,0,17,0
A5103,2021,A road,32764.454545454544,4842.454545454545,1195.6363636363637,25986.81818181818,0.1395427454244626,10.9,11,2.388762789235098,10.3970995038592,25,1,5,19,6
A5103,2022,A road,38104.818181818184,4529,881.7272727272727,31902,0.11719965398533778,10.9,11,2.388762789235098,10.54809601458426,19,1,6,12,7
A5103,2023,A road,40893.454545454544,4353.818181818182,770.3636363636364,34976.454545454544,0.10866882618839487,10.9,11,2.388762789235098,10.618725293660377,26,0,9,17,9
A5103,2024,A road,41916.818181818184,4438,780.6363636363636,35884,0.1085317848653671,10.9,11,2.388762789235098,10.643442413962926,26,0,8,18,8
A5106,2017,A road,6986.5,1279.5,214.5,5365.5,0.18314081368704532,4.1,2,1.410986973710262,8.851734994520502,0,0,0,0,0
A5106,2018,A road,7023,1340,219.5,5340,0.19080183232278547,4.1,2,1.410986973710262,8.856945756159021,1,0,0,1,0
A5106,2019,A road,7039,1335.5,222.5,5352,0.18972962326870885,4.1,2,1.410986973710262,8.85922139360813,0,0,0,0,0
A5106,2020,A road,5341.5,1142.5,197.5,3908,0.2138919015423458,4.1,2,1.410986973710262,8.583261791385942,1,0,1,0,1
A5106,2021,A road,6769,1103.5,184.5,5401.5,0.16302296596335614,4.1,2,1.410986973710262,8.820108644508608,2,0,0,2,0
A5106,2022,A road,7303.5,1229,190,5797,0.16827569051189467,4.1,2,1.410986973710262,8.896108964290866,3,0,3,0,3
A5106,2023,A road,7462,1253.5,184.5,5940.5,0.16798337543750802,4.1,2,1.410986973710262,8.917578753781104,2,0,1,1,1
A5106,2024,A road,7554,1275.5,183.5,6012,0.16885112870529953,4.1,2,1.410986973710262,8.929832503272403,1,0,1,0,1
A5143,2017,A road,22261,2161,218,19727,0.09707560307263825,3.2,1,1.1631508098056809,10.010591547450328,2,0,0,2,0
A5143,2018,A road,22077,2201,219,19510,0.09969651673687548,3.3,1,1.1939224684724346,10.00229162159471,1,0,0,1,0
A5143,2019,A road,22298,2182,218,19755,0.0978563099829581,3.3,1,1.1939224684724346,10.012252267327517,1,0,0,1,0
A5143,2020,A road,14646,1838,126,12662,0.12549501570394647,3.3,1,1.1939224684724346,9.591922539621015,2,0,1,1,1
A5143,2021,A road,16110,2004,135,13950,0.12439478584729981,3.3,1,1.1939224684724346,9.68719547617102,1,0,1,0,1
A5143,2022,A road,17235,2172,140,14900,0.12602262837249784,3.3,1,1.1939224684724346,9.754697478950966,0,0,0,0,0
A5143,2023,A road,17550,2209,138,15180,0.12586894586894587,3.3,1,1.1939224684724346,9.772809228894012,0,0,0,0,0
A5143,2024,A road,17821,2249,139,15410,0.12619942764154649,3.3,1,1.1939224684724346,9.7881328161731,0,0,0,0,0
A5144,2017,A road,12375,1349,107,10840,0.10901010101010102,2,1,0.6931471805599453,9.423433587436891,1,0,0,1,0
A5144,2018,A road,12277,1374,108,10721,0.11191659200130324,2,1,0.6931471805599453,9.41548287218084,4,0,2,2,2
A5144,2019,A road,12397,1362,107,10855,0.10986528998951359,2,1,0.6931471805599453,9.425209786838147,1,0,0,1,0
A5144,2020,A road,9590,1202,94,8246,0.12533889468196038,2,1,0.6931471805599453,9.168476167877484,1,0,1,0,1
A5144,2021,A road,11793,1557,106,10036,0.13202747392520986,2,1,0.6931471805599453,9.37526141408997,0,0,0,0,0
A5144,2022,A road,12619,1687,110,10719,0.13368729693319598,2,1,0.6931471805599453,9.44295889365291,3,0,1,2,1
A5144,2023,A road,12847,1716,108,10920,0.13357204016501906,2,1,0.6931471805599453,9.46086560003161,2,0,0,2,0
A5144,2024,A road,13046,1747,109,11086,0.13391077724973172,2,1,0.6931471805599453,9.476236852356042,0,0,0,0,0
A5145,2017,A road,19179,2497,249.5,15938.375,0.12428989618301767,12,8,2.4849066497880004,9.861571209434837,29,0,6,23,6
A5145,2018,A road,17969.375,2013.125,254.375,15262.75,0.10951224643536707,12.3,8,2.509599262378372,9.796424198983555,27,0,7,20,7
A5145,2019,A road,19413.777777777777,2368.1111111111113,316.44444444444446,16322.333333333334,0.11565849549604243,12.7,9,2.5416019934645457,9.873738287713293,35,0,5,30,5
A5145,2020,A road,14818.666666666666,2071,279.1111111111111,12192.444444444445,0.13284597886439475,12.7,9,2.5416019934645457,9.603642926291647,20,0,2,18,2
A5145,2021,A road,16294,2192.8888888888887,258.44444444444446,13550.444444444445,0.12906946057511248,12.7,9,2.5416019934645457,9.698552220870587,18,0,3,15,3
A5145,2022,A road,17980.666666666668,2482.5555555555557,299.6666666666667,14870.222222222223,0.13226141760680918,12.7,9,2.5416019934645457,9.797052385573307,18,0,4,14,4
A5145,2023,A road,18299.444444444445,2524.4444444444443,294.8888888888889,15149.888888888889,0.1321562314597084,12.7,9,2.5416019934645457,9.814625980141612,19,0,5,14,5
A5145,2024,A road,18578.11111111111,2569.777777777778,296,15379.333333333334,0.13251517523374512,12.7,9,2.5416019934645457,9.829739344719284,12,0,4,8,4
A5149,2017,A road,15861,1640.5,350,13773,0.10438124074179946,7.1,2,1.9600947840472698,9.67161854490356,5,0,0,5,0
A5149,2018,A road,15371.5,1497.5,336.5,13444.5,0.09451216192467216,7.1,2,1.9600947840472698,9.64027042448386,6,0,0,6,0
A5149,2019,A road,14448,1396.6666666666667,305.6666666666667,12665,0.09495182849750743,7.3,3,1.9878743481543455,9.578311275656766,1,0,1,0,1
A5149,2020,A road,8232.333333333334,954,146.66666666666666,7086,0.11731713193173497,7.3,3,1.9878743481543455,9.015824769081522,3,0,0,3,0
A5149,2021,A road,9052.333333333334,1040,157,7807,0.11631687579939759,7.3,3,1.9878743481543455,9.110777830349994,4,0,1,3,1
A5149,2022,A road,9681,1127.3333333333333,163.33333333333334,8338.666666666666,0.11788613341281531,7.3,3,1.9878743481543455,9.177920480720072,4,0,2,2,2
A5149,2023,A road,9854.333333333334,1146.3333333333333,160.66666666666666,8495.333333333334,0.11776844129712218,7.3,3,1.9878743481543455,9.19566656974239,7,0,2,5,2
A5149,2024,A road,10004.333333333334,1167,160.33333333333334,8624,0.11809903192967197,7.3,3,1.9878743481543455,9.210773611447742,6,0,3,3,3
A5181,2017,A road,10424,2043.5,518,7721,0.19376349764311188,3,2,1.0986122886681098,9.251866118804681,7,0,2,5,2
A5181,2018,A road,10379,2082,525.5,7636,0.1982540042102906,3,2,1.0986122886681098,9.24753981296529,6,1,0,5,1
A5181,2019,A road,10686.5,1987,505.5,8094,0.18349346905694314,3,2,1.0986122886681098,9.276736541615865,3,0,1,2,1
A5181,2020,A road,8418,1753.5,444,6148,0.20531800610658182,3,2,1.0986122886681098,9.038127549330516,4,0,0,4,0
A5181,2021,A road,7902.5,1528.5,415,5821.5,0.1961048076005818,3,2,1.0986122886681098,8.974934444089772,5,0,2,3,2
A5181,2022,A road,8452,1657,428,6218,0.19881285515955488,3,2,1.0986122886681098,9.042158378735948,3,0,0,3,0
A5181,2023,A road,8588.5,1685,419.5,6334.5,0.1990324002993492,3,2,1.0986122886681098,9.05817937807708,7,0,1,6,1
A5181,2024,A road,8713.5,1715.5,415.5,6430.5,0.19978247994992077,3,2,1.0986122886681098,9.072628826100697,2,0,0,2,0
A5184,2017,A road,9975,776,52,8948,0.07779448621553885,1.6,1,0.47000362924573563,9.207837241758064,2,0,0,2,0
A5184,2018,A road,9877,790,52,8849,0.07998380074921535,1.6,1,0.47000362924573563,9.197964100908127,4,0,0,4,0
A5184,2019,A road,9979,784,52,8960,0.07856498647159034,1.6,1,0.47000362924573563,9.208238163884312,6,0,1,5,1
A5184,2020,A road,7665,692,46,6806,0.09028049575994782,1.6,1,0.47000362924573563,8.944419791305915,4,0,1,3,1
A5184,2021,A road,8428,754,49,7498,0.08946369245372568,1.6,1,0.47000362924573563,9.03931477492408,1,0,0,1,0
A5184,2022,A road,9014,817,51,8009,0.09063678721988018,1.6,1,0.47000362924573563,9.106534203250593,2,0,2,0,2
A5184,2023,A road,9178,831,50,8159,0.09054260187404663,1.6,1,0.47000362924573563,9.124564594954778,1,0,0,1,0
A5184,2024,A road,8957,764,64,8017,0.08529641621078486,1.6,1,0.47000362924573563,9.100190628475195,3,0,1,2,1
A5185,2017,A road,11573.5,1328,256,9832.5,0.1140734768424811,2.1,2,0.7419373447293773,9.356473280924144,3,0,0,3,0
A5185,2018,A road,10123.5,1190,228,8564,0.11540742632365583,2.1,2,0.7419373447293773,9.222614732851572,2,0,1,1,1
A5185,2019,A road,10219,1179.5,228,8671,0.11331863811396635,2.1,2,0.7419373447293773,9.23200401161221,3,0,0,3,0
A5185,2020,A road,7920.5,1041,200.5,6586.5,0.1291021408179125,2.1,2,0.7419373447293773,8.977209614128906,1,0,0,1,0
A5185,2021,A road,8703.5,1134.5,215.5,7256.5,0.12803800035307605,2.1,2,0.7419373447293773,9.071480522592763,1,0,0,1,0
A5185,2022,A road,9309,1230,223.5,7750.5,0.12977381073655272,2.1,2,0.7419373447293773,9.13873695311649,0,0,0,0,0
A5185,2023,A road,9472,1251,220,7896,0.12972680559254504,2.1,2,0.7419373447293773,9.156095357123787,3,0,0,3,0
A5185,2024,A road,9614.5,1273.5,219,8016,0.13008940880576245,2.1,2,0.7419373447293773,9.171027654590642,1,0,0,1,0
A5186,2017,A road,11861,1965,194,9374.5,0.16668412758365536,1.6,2,0.47000362924573563,9.381010986029276,4,0,1,3,1
A5186,2018,A road,10448,1520.5,161.5,8460.5,0.142839980806021,1.6,2,0.47000362924573563,9.254165851516213,5,0,1,4,1
A5186,2019,A road,10540.5,1507.5,161,8566.5,0.14037694802196413,1.6,2,0.47000362924573563,9.262980259300361,4,0,1,3,1
A5186,2020,A road,8182,1147.5,118.5,6550,0.1410882825252402,1.6,2,0.47000362924573563,9.009691898489343,2,0,0,2,0
A5186,2021,A road,8973.5,1251,127.5,7216.5,0.14021288464682846,1.6,2,0.47000362924573563,9.102031068469332,3,0,1,2,1
A5186,2022,A road,9604.5,1356.5,132.5,7708,0.1420573078714148,1.6,2,0.47000362924573563,9.169987017626967,1,0,0,1,0
A5186,2023,A road,9773,1379.5,131,7852.5,0.141976976847033,1.6,2,0.47000362924573563,9.187378760338836,1,1,0,0,1
A5186,2024,A road,9920,1404,131,7972,0.14235360884443207,1.6,2,0.47000362924573563,9.20230820027892,3,0,1,2,1
A5209,2017,A road,15382.5,2096.5,406.5,12775.5,0.1362912162110933,2.4,2,0.8754687373538999,9.640985778614645,0,0,0,0,0
A5209,2018,A road,15280,2135.5,410.5,12635,0.13975789298534633,2.4,2,0.8754687373538999,9.634300062720511,1,0,0,1,0
A5209,2019,A road,15419,2116.5,412,12793.5,0.13726573363249758,2.4,2,0.8754687373538999,9.643355794171352,4,0,0,4,0
A5209,2020,A road,12014,1868,362.5,9717.5,0.15548540400395763,2.4,2,0.8754687373538999,9.393827915410107,1,0,1,0,1
A5209,2021,A road,13201,2036.5,389.5,10706,0.1542684954718625,2.4,2,0.8754687373538999,9.488047863280759,2,0,1,1,1
A5209,2022,A road,14121,2208,404,11435,0.15636284465228723,2.4,2,0.8754687373538999,9.555418330069251,1,0,0,1,0
A5209,2023,A road,14366.5,2245,397,11650,0.156266373941022,2.4,2,0.8754687373538999,9.572654386428363,2,0,0,2,0
A5209,2024,A road,15566.5,2049.5,358,13028.5,0.13166084379311987,2.4,2,0.8754687373538999,9.652876448293448,1,0,0,1,0
A523,2017,A road,17796,2514.5,561,14504,0.1404709856565483,1.2,2,0.1823215567939546,9.786728991925932,2,0,0,2,0
A523,2018,A road,16346.5,2250,512.5,13407,0.13759449825148956,1.2,2,0.1823215567939546,9.701769086131442,1,0,0,1,0
A523,2019,A road,15533,2107.6666666666665,471,12799,0.13571546018208153,1.3,3,0.26236426446749106,9.650722071987907,3,0,1,2,1
A523,2020,A road,12104.333333333334,1859.6666666666667,414.3333333333333,9721.666666666666,0.15366723986506534,1.3,3,0.26236426446749106,9.401318794194527,0,0,0,0,0
A523,2021,A road,15720.666666666666,2263,425.6666666666667,12919.666666666666,0.14527991578040916,1.3,3,0.26236426446749106,9.662731473905003,2,0,1,1,1
A523,2022,A road,16816,2453.3333333333335,441.3333333333333,13799.333333333334,0.14724216713383356,1.3,3,0.26236426446749106,9.730086093116732,1,0,0,1,0
A523,2023,A road,17108.666666666668,2495,434,14058.666666666666,0.14719307806217796,1.3,3,0.26236426446749106,9.747340436711637,2,0,1,1,1
A523,2024,A road,17342,2546,491,14192.75,0.14784249987951165,2.8,4,1.0296194171811581,9.760886583937106,3,0,2,1,2
A538,2017,A road,22618.75,2733,424,19269,0.11475626448379692,7.9,4,2.066862759472976,10.026534487312052,10,1,1,8,2
A538,2018,A road,23993.75,2754.25,545.25,20525.75,0.11093573284820633,8.1,4,2.0918640616783932,10.085548658749108,7,0,2,5,2
A538,2019,A road,24093,2741,547.25,20633.5,0.10966819342953518,8.8,4,2.174751721484161,10.089676620856572,3,0,0,3,0
A538,2020,A road,16952.25,2695,430.75,13695,0.14694624074025275,8.8,4,2.174751721484161,9.738155847361808,7,0,1,6,1
A538,2021,A road,18672.75,3051.5,462.25,15014,0.14991991903315743,8.8,4,2.174751721484161,9.834820520814777,10,0,2,8,2
A538,2022,A road,22100,3196.25,448,18275.75,0.13569957804696076,8.8,4,2.174751721484161,10.003332887505843,5,0,2,3,2
A538,2023,A road,22569.25,3257.25,439.25,18695.75,0.1354201994134727,8.8,4,2.174751721484161,10.024343639308192,7,0,2,5,2
A538,2024,A road,23553.75,2691,370,20299.5,0.1137450959597543,8.8,4,2.174751721484161,10.0670403224367,4,1,0,3,1
A555,2017,A road,19731,2143.6666666666665,514.6666666666666,16965.666666666668,0.10780760377607554,2.8,3,1.0296194171811581,9.889946281969461,1,0,0,1,0
A555,2018,A road,19720.333333333332,2232.6666666666665,523.3333333333334,16861,0.1121077119183659,3,3,1.0986122886681098,9.889405531326815,2,0,1,1,1
A555,2019,A road,25273.11111111111,2794.8888888888887,998.5555555555555,21342.11111111111,0.11189345755454667,10.4,9,2.341805806147327,10.137496307608789,3,1,1,1,2
A555,2020,A road,21419,2862.6666666666665,1176.111111111111,17267.777777777777,0.13655956208958414,10.4,9,2.341805806147327,9.972033657571142,5,1,2,2,3
A555,2021,A road,25176.555555555555,3566.5555555555557,1352.6666666666667,20140.11111111111,0.14297117589366412,10.4,9,2.341805806147327,10.13366850537222,2,0,2,0,2
A555,2022,A road,27169,3967.222222222222,1429.111111111111,21640.666666666668,0.1473424509100364,10.4,9,2.341805806147327,10.209831896443099,8,0,1,7,1
A555,2023,A road,31744,4391.555555555556,1456.2222222222222,25732.666666666668,0.1416463953274634,10.4,9,2.341805806147327,10.3654590100846,8,0,2,6,2
A555,2024,A road,37294.444444444445,4929.666666666667,1504.6666666666667,30681,0.13302816393810132,10.4,9,2.341805806147327,10.526599652030677,5,0,1,4,1
A56,2017,A road,21977.677419354837,2575.6774193548385,490.51612903225805,18526.870967741936,0.12166776621360761,39.2,31,3.6686767467964168,9.997782554465122,105,1,23,81,24
A56,2018,A road,21480.612903225807,2518.516129032258,486.61290322580646,18112.709677419356,0.12039290551096041,39.6,31,3.6788291182604347,9.974906081885454,105,2,22,81,24
A56,2019,A road,20656.25,2344.96875,452.15625,17514.625,0.11658519254043975,39.4,32,3.673765816303888,9.935773216034097,118,1,22,95,23
A56,2020,A road,15509.34375,1969.625,366.40625,12886.03125,0.12616728004557917,39.4,32,3.673765816303888,9.64919794386344,68,3,8,57,11
A56,2021,A road,17359.78125,2243.6875,389.75,14446.25,0.12788736779861423,39.4,32,3.673765816303888,9.7619113873285,91,2,21,68,23
A56,2022,A road,18260.15625,2408.1875,389.5,15160.375,0.129489574662641,39.4,32,3.673765816303888,9.812476711067442,81,1,24,56,25
A56,2023,A road,18821.125,2451.40625,374.90625,15685.96875,0.1288431726914329,39.4,32,3.673765816303888,9.842735188185964,63,1,12,50,13
A56,2024,A road,19104.8125,2375.875,364.96875,16055.28125,0.12607012652013236,39.4,32,3.673765816303888,9.857695545648072,54,1,15,38,16
A560,2017,A road,16709.5,2342.423076923077,402.2692307692308,13728.461538461539,0.13680563785048513,28,26,3.332204510175204,9.723732698939488,58,1,8,49,9
A560,2018,A road,16290.692307692309,2219.423076923077,371.46153846153845,13456.5,0.1322411246328125,30.1,26,3.40452517175483,9.698349199630563,44,1,8,35,9
A560,2019,A road,15790.12,2026.56,345.64,13172.72,0.12324243071112088,29.6,25,3.3877743613300146,9.667139706967484,65,1,6,58,7
A560,2020,A road,13261.565217391304,1954.5652173913043,293.60869565217394,10834.782608695652,0.1414958007568828,29.6,23,3.3877743613300146,9.492625297300867,28,1,4,23,5
A560,2021,A road,14582.826086956522,2162.6521739130435,315.4782608695652,11918.91304347826,0.14156657742172205,29.6,23,3.3877743613300146,9.587599819904026,38,0,9,29,9
A560,2022,A road,15352.695652173914,2206.478260869565,313,12635.565217391304,0.14031109047836823,29.6,23,3.3877743613300146,9.639046350116743,28,1,4,23,5
A560,2023,A road,15673.260869565218,2234.5652173913045,302.17391304347825,12935.869565217392,0.13881666177436572,29.6,23,3.3877743613300146,9.659711410035758,27,0,5,22,5
A560,2024,A road,16116.91304347826,2237.1304347826085,298.5652173913044,13378.782608695652,0.13641322696200375,29.6,23,3.3877743613300146,9.6876244991789,30,0,9,21,9
A57,2017,A road,20940.2,3240.56,820.28,16516.28,0.15643488579332013,35.5,25,3.56953269648137,9.949426035477293,81,2,23,56,25
A57,2018,A road,20202.28,3050.28,789.28,16038.4,0.15108771889847822,36.300000000000004,25,3.591817741270805,9.91355074830694,93,2,14,77,16
A57,2019,A road,19979,2913.32,767.6,15993.84,0.14436816208355127,36.300000000000004,25,3.591817741270805,9.90243700089995,82,1,14,67,15
A57,2020,A road,16665.32,2804.2,677.6,12975.24,0.165082357805946,36.300000000000004,25,3.591817741270805,9.721085192477677,52,1,12,39,13
A57,2021,A road,19024.28,3131.08,727.12,14935.44,0.16282658648057927,36.300000000000004,25,3.591817741270805,9.85347133707288,59,3,11,45,14
A57,2022,A road,20530.88,3332.28,743.44,16204.6,0.16256322705804652,36.300000000000004,25,3.591817741270805,9.929685373195655,67,3,16,48,19
A57,2023,A road,21536.96,3348.36,690.6,17245.56,0.15635313938077516,36.300000000000004,25,3.591817741270805,9.977525807973981,44,0,15,29,15
A57,2024,A road,21653.64,3309.2,670.88,17422,0.15325959793006239,36.300000000000004,25,3.591817741270805,9.982928848628738,61,1,21,39,22
A57(M),2022,A road,62206.166666666664,9163.833333333334,1937.8333333333333,50796.833333333336,0.15021320747954303,2.6,6,0.9555114450274363,11.038209416363884,0,0,0,0,0
A57(M),2023,A road,63326.166666666664,8983.5,1796.3333333333333,52235.5,0.1462905661907062,2.6,6,0.9555114450274363,11.05605389817694,4,0,3,1,3
A57(M),2024,A road,63740.166666666664,9032.833333333334,1787.1666666666667,52636.166666666664,0.14626424779731503,2.6,6,0.9555114450274363,11.062570202757156,5,0,0,5,0
A571,2017,A road,9543.5,1210.5,125,8117,0.13278011533362089,5.5,2,1.7047480922384253,9.163615573469947,7,0,0,7,0
A571,2018,A road,9502,1245.5,126.5,8042.5,0.13754301018468695,5.5,2,1.7047480922384253,9.159257581746866,4,0,1,3,1
A571,2019,A road,9304,1109.5,81,8017.5,0.12019459732938745,5.5,2,1.7047480922384253,9.1381996941985,6,0,0,6,0
A571,2020,A road,7130.5,970,72,6021.5,0.13727143227828997,5.5,2,1.7047480922384253,8.87213663717682,3,0,0,3,0
A571,2021,A road,7842,1073,77,6620,0.13952775260757078,5.5,2,1.7047480922384253,8.967249182852276,2,0,1,1,1
A571,2022,A road,8411.5,1173.5,80,7080.5,0.14282423482537432,5.5,2,1.7047480922384253,9.037355096159216,1,0,1,0,1
A571,2023,A road,8574.5,1194,78.5,7225.5,0.14248588286873148,5.5,2,1.7047480922384253,9.056547961296202,4,0,2,2,2
A571,2024,A road,9263,1307,65.5,7805.5,0.1442380973901851,5.5,2,1.7047480922384253,9.133783249254028,3,0,2,1,2
A572,2017,A road,15630.92857142857,2171.6428571428573,457.2857142857143,12760,0.1437780652383683,21.1,14,3.0492730404820207,9.657006831211213,22,0,2,20,2
A572,2018,A road,15244.07142857143,2050.5714285714284,445,12515.357142857143,0.13445803058256814,21.4,14,3.0633909220278057,9.63194594766707,21,1,4,16,5
A572,2019,A road,14820.5,1944.9285714285713,408.35714285714283,12241.357142857143,0.13119581691141363,21.4,14,3.0633909220278057,9.60376663647259,18,0,5,13,5
A572,2020,A road,11677.714285714286,1736.0714285714287,356.07142857142856,9435.357142857143,0.14747664030615557,21.4,14,3.0633909220278057,9.3654375425152665,24,0,4,20,4
A572,2021,A road,12924.142857142857,1897.4285714285713,376.42857142857144,10500.92857142857,0.14370368008908108,21.4,14,3.0633909220278057,9.46685238051552,23,0,5,18,5
A572,2022,A road,14639.357142857143,2136.4285714285716,372.2142857142857,11965.642857142857,0.14351776816056394,21.4,14,3.0633909220278057,9.59146887554416,22,2,7,13,9
A572,2023,A road,14916.07142857143,2174.5,366.2142857142857,12211.857142857143,0.14342277247500823,21.4,14,3.0633909220278057,9.61019453000885,19,0,4,15,4
A572,2024,A road,15527.142857142857,2144.285714285714,338.5,12872.642857142857,0.1373252269434835,21.4,14,3.0633909220278057,9.650344923501919,23,0,11,12,11
A573,2017,A road,10713.166666666666,1648.1666666666667,225,8572.833333333334,0.15768566706632092,10.1,6,2.3125354238472138,9.27922879356399,13,0,3,10,3
A573,2018,A road,9882.5,1382.1666666666667,172.66666666666666,8109.5,0.14462722656902915,10.3,6,2.33214389523559,9.198520795170841,13,0,0,13,0
A573,2019,A road,10182.833333333334,1331.1666666666667,168.5,8462.333333333334,0.13162380440644025,10.3,6,2.33214389523559,9.228458574889862,10,0,2,8,2
A573,2020,A road,8258.5,1099,133.25,6868.25,0.13180758385902908,10.399999999999999,4,2.341805806147327,9.018998251961145,7,1,0,6,1
A573,2021,A road,9074,1207,143.75,7557.5,0.13225785295363252,10.399999999999999,4,2.341805806147327,9.113168460223909,10,0,2,8,2
A573,2022,A road,9934.25,1368.5,138.75,8239.5,0.13666777141997932,10.399999999999999,4,2.341805806147327,9.20374366144687,7,0,5,2,5
A573,2023,A road,10117.5,1392,136.5,8402.5,0.1364812112725694,10.399999999999999,4,2.341805806147327,9.22202187675002,13,0,1,12,1
A573,2024,A road,10266.5,1417.25,136,8525.5,0.1369794970271664,10.399999999999999,4,2.341805806147327,9.236641446395554,14,0,6,8,6
A574,2017,A road,10471,1670.5,258,8365.5,0.15953654223165464,1.3,2,0.26236426446749106,9.256364810287462,3,0,0,3,0
A574,2018,A road,10404,1702,259.5,8273,0.16359165044830742,1.4000000000000001,2,0.336472236621213,9.249945626568541,2,0,0,2,0
A574,2019,A road,10487,1686.5,259,8377,0.16081790447011113,1.4000000000000001,2,0.336472236621213,9.257891673834406,2,1,0,1,1
A574,2020,A road,8194,1489,228,6363,0.18171915601475028,1.4000000000000001,2,0.336472236621213,9.011157458106817,0,0,0,0,0
A574,2021,A road,8997,1622.5,244.5,7010.5,0.18033769756229687,1.4000000000000001,2,0.336472236621213,9.104646467417119,1,0,0,1,0
A574,2022,A road,9630.5,1759,254,7487.5,0.1826480490760039,1.4000000000000001,2,0.336472236621213,9.172690424524276,3,0,2,1,2
A574,2023,A road,9796.5,1789,250,7628.5,0.18261757737673853,1.4000000000000001,2,0.336472236621213,9.189780458010821,0,0,0,0,0
A574,2024,A road,9947,1821,250,7744,0.1830696071490968,1.4000000000000001,2,0.336472236621213,9.205026277152413,0,0,0,0,0
A575,2017,A road,15442.166666666666,2373.1666666666665,334.8333333333333,12440.916666666666,0.1536553669511289,8.4,12,2.128231705849268,9.644857141885678,20,0,4,16,4
A575,2018,A road,14598.083333333334,2114.8333333333335,334.5833333333333,11881.5,0.14458788791979277,8.6,12,2.151762203259462,9.588645520539833,21,0,2,19,2
A575,2019,A road,14372.25,2064.1666666666665,321.75,11728.666666666666,0.14591856249333124,8.3,12,2.1162555148025524,9.573054543016715,21,1,2,18,3
A575,2020,A road,11307.166666666666,1824.8333333333333,292.4166666666667,9012.75,0.16151112856680158,8.3,12,2.1162555148025524,9.333192021958093,12,0,3,9,3
A575,2021,A road,12637.583333333334,1993.8333333333333,313.9166666666667,10139,0.15937181742670656,8.3,12,2.1162555148025524,9.444430457438209,15,0,1,14,1
A575,2022,A road,13534.083333333334,2135.4166666666665,315.6666666666667,10876.166666666666,0.1576789924835402,8.3,12,2.1162555148025524,9.512966474105365,7,1,3,3,4
A575,2023,A road,14043.833333333334,2204.4166666666665,313.6666666666667,11324.583333333334,0.15748213173300546,8.3,12,2.1162555148025524,9.549938669753743,12,0,6,6,6
A575,2024,A road,14460.583333333334,2175.3333333333335,302.1666666666667,11776.666666666666,0.15133397138735336,8.3,12,2.1162555148025524,9.57918183607012,17,0,7,10,7
A576,2017,A road,22907.3125,3102.875,772.75,18674.125,0.13779431265356912,15.9,16,2.766319109226186,10.039211461713652,43,1,5,37,6
A576,2018,A road,22664.125,2956.8125,749.1875,18614.3125,0.1300526310664077,16.8,16,2.8213788864092133,10.02853855684989,46,1,10,35,11
A576,2019,A road,22847.5625,2911.75,742.375,18852.4375,0.1274177252825296,16.8,16,2.8213788864092133,10.036599716671667,45,1,6,38,7
A576,2020,A road,17001.6875,2478.625,604.75,13694.9375,0.14602414139274325,16.8,16,2.8213788864092133,9.74106788281782,27,0,1,26,1
A576,2021,A road,19000.6875,2761.375,644.75,15353.4375,0.14430416730510026,16.8,16,2.8213788864092133,9.85223044170447,22,1,6,15,7
A576,2022,A road,20873.0625,3008,655.75,16950.25,0.14468690709388515,16.8,16,2.8213788864092133,9.946214731040278,22,0,6,16,6
A576,2023,A road,21371.3125,3014.375,653.625,17446.375,0.14322723334478077,16.8,16,2.8213788864092133,9.969804764302719,23,0,6,17,6
A576,2024,A road,21329.625,2959.4375,631.1875,17458.25,0.14027207552130994,16.8,16,2.8213788864092133,9.96785223043884,26,1,7,18,8
A577,2017,A road,13681.8,2116.65,352.1,10919.5,0.15559435544362527,22,20,3.091042453358316,9.52382176146816,35,0,7,28,7
A577,2018,A road,12613.57142857143,1876.1904761904761,330.7142857142857,10151.095238095239,0.14728831971424386,23.6,21,3.1612467120315646,9.44252861079191,31,0,3,28,3
A577,2019,A road,12242.272727272728,1754.3181818181818,318.27272727272725,9941.863636363636,0.14128498849098162,23.7,22,3.1654750481410856,9.412650219162597,36,1,12,23,13
A577,2020,A road,9970.59090909091,1590.8636363636363,271.09090909090907,7940.590909090909,0.15833475644377706,23.7,22,3.1654750481410856,9.2073951299148,30,1,5,24,6
A577,2021,A road,11208.681818181818,1745.2727272727273,284,9000.272727272728,0.15457141465543833,23.7,22,3.1654750481410856,9.324443919337693,35,0,8,27,8
A577,2022,A road,12129.272727272728,1888.090909090909,294.72727272727275,9749.227272727272,0.15441290287449191,23.7,22,3.1654750481410856,9.403377043609117,24,0,9,15,9
A577,2023,A road,12339.545454545454,1920.0454545454545,289.6363636363636,9932.636363636364,0.15435743497090212,23.7,22,3.1654750481410856,9.420564461654973,23,0,7,16,7
A577,2024,A road,11881.56,1798.16,251.88,9641.96,0.1486487065071294,23.7,25,3.1654750481410856,9.382742897427134,31,2,5,24,7
A578,2017,A road,15922.5,1801,213,13527,0.11157353998954961,4.1,2,1.410986973710262,9.675488482245521,10,0,0,10,0
A578,2018,A road,15784.5,1835,214.5,13378,0.11467279510766006,4.3,2,1.4586150226995167,9.666783724848976,14,0,6,8,6
A578,2019,A road,15931,1819,214.5,13546,0.11262978427312417,4.3,2,1.4586150226995167,9.676022175572895,6,1,1,4,2
A578,2020,A road,12318,1605,189,10289.5,0.128523794542176,4.3,2,1.4586150226995167,9.418816886246988,5,0,1,4,1
A578,2021,A road,13533,1750,202.5,11336,0.127558922143365,4.3,2,1.4586150226995167,9.512886426076506,4,0,1,3,1
A578,2022,A road,14479,1897,209.5,12107.5,0.12923985631937834,4.3,2,1.4586150226995167,9.58045460278142,3,0,0,3,0
A578,2023,A road,14735.5,1929,206,12335.5,0.12912739812840954,4.3,2,1.4586150226995167,9.59801482740912,10,0,3,7,3
A578,2024,A road,14960.5,1963.5,206,12522,0.12946404867319314,4.3,2,1.4586150226995167,9.613168673429843,5,0,2,3,2
A579,2017,A road,18988.615384615383,2729.153846153846,532.8461538461538,15423.692307692309,0.14267078187760698,16.8,13,2.8213788864092133,9.851594888278937,46,0,6,40,6
A579,2018,A road,18576.30769230769,2633.5384615384614,524.3846153846154,15124.76923076923,0.14231698957329464,17,13,2.833213344056216,9.829642267770543,46,1,7,38,8
A579,2019,A road,19305.416666666668,2697.0833333333335,540.3333333333334,15773.333333333334,0.14034353238794595,16.9,12,2.8273136219290276,9.868140991820336,27,1,4,22,5
A579,2020,A road,16494,2361.5,411.25,13506,0.1462020338311673,16.9,12,2.8273136219290276,9.7107519573933,22,0,3,19,3
A579,2021,A road,18575.5,2655.3333333333335,440.4166666666667,15249.833333333334,0.14577865942441784,16.9,12,2.8273136219290276,9.829598787124084,34,2,4,28,6
A579,2022,A road,20109,2906,449.5833333333333,16501.166666666668,0.14734060937657978,16.9,12,2.8273136219290276,9.908922755026067,30,0,4,26,4
A579,2023,A road,20297.25,2908.25,452,16699.666666666668,0.1458534791784005,16.9,12,2.8273136219290276,9.918240687872968,20,0,2,18,2
A579,2024,A road,19958.833333333332,2810.0833333333335,438.4166666666667,16460.916666666668,0.14202222654568336,16.9,12,2.8273136219290276,9.9014270979233725,32,1,7,24,8
A57M,2017,A road,60168.666666666664,8688.166666666666,2600.5,48279.666666666664,0.14551684954988622,2.6,6,0.9555114450274363,11.004907008531724,0,0,0,0,0
A57M,2018,A road,58060.166666666664,8341.833333333334,2170,47092.666666666664,0.14500749735108223,2.6,6,0.9555114450274363,10.969235108168139,0,0,0,0,0
A57M,2019,A road,58563.166666666664,8268.833333333334,2175.1666666666665,47683.333333333336,0.14251017777979635,2.6,6,0.9555114450274363,10.977861222765146,0,0,0,0,0
A57M,2020,A road,45018.5,7405.833333333333,1824.1666666666667,35536.666666666664,0.16690458284970883,2.6,6,0.9555114450274363,10.71482879538055,0,0,0,0,0
A57M,2021,A road,54585.666666666664,8569.666666666666,1943.1666666666667,43831.333333333336,0.1601605068398127,2.6,6,0.9555114450274363,10.907526612007318,0,0,0,0,0
A58,2017,A road,20610.62162162162,2672.3783783783783,494.4864864864865,17167.64864864865,0.13708826762845328,57.1,37,4.044804116661965,9.933561834595197,137,4,26,107,30
A58,2018,A road,20231.783783783783,2587,495.4864864864865,16885.432432432433,0.13517467587959678,57.7,37,4.055257173514054,9.915010101449269,102,1,23,78,24
A58,2019,A road,20178.447368421053,2485.157894736842,475.7631578947368,16949.394736842107,0.1300023132671437,58.2,38,4.063885354737392,9.912370351820828,88,1,17,70,18
A58,2020,A road,16341.578947368422,2239.7368421052633,420.0263157894737,13487.921052631578,0.14360070973000635,58.2,38,4.063885354737392,9.70146799455144,66,0,12,54,12
A58,2021,A road,18499.026315789473,2507.7894736842104,468.94736842105266,15298.5,0.14187217599895052,58.2,38,4.063885354737392,9.825473378102378,80,3,15,62,18
A58,2022,A road,19962.552631578947,2729.6052631578946,482.2894736842105,16509.5,0.14327886115421376,58.2,38,4.063885354737392,9.90161342904222,81,6,18,57,24
A58,2023,A road,20482.63157894737,2719.2105263157896,457.2368421052632,17070.315789473683,0.14109824786626893,58.2,38,4.063885354737392,9.92733256596445,56,2,16,38,18
A58,2024,A road,20530.36842105263,2663.5,443.1578947368421,17180.684210526317,0.13814931943788736,58.2,38,4.063885354737392,9.929660455348923,59,3,19,37,22
A580,2017,A road,32637.090909090908,5232,1886.1818181818182,25161.727272727272,0.1621680884910245,21.5,11,3.068052935133617,10.39320467854632,37,0,9,28,9
A580,2018,A road,32268.090909090908,5313.545454545455,1928.8181818181818,24672.454545454544,0.1662534048244905,22.2,11,3.100092288878234,10.381834123366982,27,0,2,25,2
A580,2019,A road,31803.090909090908,5039,1881,24540.909090909092,0.15999826675450074,22.2,11,3.100092288878234,10.367318762443896,32,1,1,30,2
A580,2020,A road,24796.909090909092,4537.909090909091,1654.8181818181818,18373,0.18412447555586434,22.2,11,3.100092288878234,10.118474290954596,28,2,4,22,6
A580,2021,A road,30198.363636363636,5550.363636363636,1917.6363636363637,22469.454545454544,0.18427998209761717,22.2,11,3.100092288878234,10.315543017668572,19,0,5,14,5
A580,2022,A road,33437.545454545456,5969.090909090909,1953.5454545454545,25260.545454545456,0.18043867889250034,22.2,11,3.100092288878234,10.417434663025714,23,0,2,21,2
A580,2023,A road,33580.181818181816,5679.181818181818,1870.5454545454545,25796.909090909092,0.17100440077916293,22.2,11,3.100092288878234,10.421691345095189,23,0,5,18,5
A580,2024,A road,34619.90909090909,5723.181818181818,1841.5454545454545,26800.454545454544,0.16680321344056662,22.2,11,3.100092288878234,10.452184202814248,20,1,1,18,2
A6,2017,A road,17398.558139534885,2265.0232558139537,529.3720930232558,13944.767441860466,0.1289927410663567,50,43,3.912023005428146,9.76414261622511,126,1,19,106,20
A6,2018,A road,16653.404761904763,2117.5238095238096,499.26190476190476,13393.047619047618,0.12497019126818423,51.1,42,3.933784497209659,9.720369964707809,115,2,24,89,26
A6,2019,A road,17327.18604651163,2116.906976744186,535.8372093023256,13981.209302325582,0.12046647825177152,51.2,43,3.9357395320454622,9.760031994829067,118,2,19,97,21
A6,2020,A road,13724.32558139535,1911.6279069767443,456.1860465116279,10909.162790697674,0.1381366886571865,51.2,43,3.9357395320454622,9.52692512720287,75,1,10,64,11
A6,2021,A road,14674.697674418605,2005.6744186046512,454.3953488372093,11763.32558139535,0.13417764494858864,51.2,43,3.9357395320454622,9.593880043081604,86,1,22,63,23
A6,2022,A road,15788.255813953489,2185.3720930232557,457.74418604651163,12649.441860465116,0.13585849770823377,51.2,43,3.9357395320454622,9.667021639714143,93,4,23,66,27
A6,2023,A road,16276.32558139535,2191.279069767442,435.04651162790697,13151.488372093023,0.13341961560890384,51.2,43,3.9357395320454622,9.697466912693647,89,3,24,62,27
A6,2024,A road,15878.84090909091,2063.068181818182,405.25,12903.522727272728,0.13121361119866873,51.4,44,3.9396381724611196,9.672742741525779,86,0,25,61,25
A6010,2017,A road,16425.333333333332,2212.266666666667,354.3333333333333,13580.666666666666,0.13047278797190823,15.7,15,2.7536607123542622,9.706580137413756,64,0,6,58,6
A6010,2018,A road,16269.6,1941.4,330.6666666666667,13745.066666666668,0.11702979375465682,15.7,15,2.7536607123542622,9.697053614784865,56,0,8,48,8
A6010,2019,A road,16478.133333333335,1906.8,329.26666666666665,13996.533333333333,0.11213867592417,15.7,15,2.7536607123542622,9.709789528439675,48,0,5,43,5
A6010,2020,A road,13006.933333333332,1657.8666666666666,285.06666666666666,10901,0.12375227788093905,15.7,15,2.7536607123542622,9.473237827605333,27,0,4,23,4
A6010,2021,A road,14544.866666666667,1810.4666666666667,325.6,12240.533333333333,0.12146531220792917,15.7,15,2.7536607123542622,9.584993403934151,32,1,8,23,9
A6010,2022,A road,15737.933333333332,1990.3333333333333,333.93333333333334,13228.8,0.12319716207109856,15.7,15,2.7536607123542622,9.663829213054271,40,2,7,31,9
A6010,2023,A road,16047.266666666666,1994.7333333333333,324.8666666666667,13541.4,0.12048970819647341,15.7,15,2.7536607123542622,9.683293812913012,35,1,5,29,6
A6010,2024,A road,16489.266666666666,2006.2,307.93333333333334,13992.333333333334,0.11763006653986145,15.7,15,2.7536607123542622,9.710464943167956,39,1,12,26,13
A6017,2017,A road,16414,2267.5,345.8333333333333,13440,0.1376236654132661,8.6,6,2.151762203259462,9.705889908189658,31,2,6,23,8
A6017,2018,A road,16287.166666666666,2310.1666666666665,349.5,13292,0.14131544008080937,8.6,6,2.151762203259462,9.698132755631454,6,0,0,6,0
A6017,2019,A road,16429.833333333332,2290.1666666666665,349.5,13458.5,0.1388759503880426,8.6,6,2.151762203259462,9.706854066934417,14,0,2,12,2
A6017,2020,A road,13437.333333333334,2112.1666666666665,296,10813.666666666666,0.1547053660236219,8.6,6,2.151762203259462,9.505792181692325,12,1,2,9,3
A6017,2021,A road,15553.666666666666,2243.1666666666665,339.3333333333333,12709.333333333334,0.1419962099159491,8.6,6,2.151762203259462,9.652051688310747,15,1,3,11,4
A6017,2022,A road,16640.833333333332,2431.3333333333335,351.3333333333333,13575,0.14385710303800203,8.6,6,2.151762203259462,9.719614793249438,16,1,2,13,3
A6017,2023,A road,16931.166666666668,2472.5,345.1666666666667,13830,0.14378361951823543,8.6,6,2.151762203259462,9.736911383955906,13,0,5,8,5
A6017,2024,A road,16495,2275.6666666666665,344.8333333333333,13589.833333333334,0.1386674666370725,8.6,6,2.151762203259462,9.710812583662682,14,1,6,7,7
A6018,2017,A road,14170.5,2095,386,11515.5,0.14784129833034362,4.800000000000001,2,1.5686159179138455,9.558917617877299,5,0,0,5,0
A6018,2018,A road,14077.5,2134.5,390.5,11388.5,0.15162527950051163,4.800000000000001,2,1.5686159179138455,9.552333057128774,5,0,2,3,2
A6018,2019,A road,14199,2115.5,391.5,11531.5,0.14898994372950553,4.800000000000001,2,1.5686159179138455,9.560926818574357,4,0,1,3,1
A6018,2020,A road,11078,1867,344,8759,0.16853211443728683,4.800000000000001,2,1.5686159179138455,9.31271643859305,3,0,0,3,0
A6018,2021,A road,12167.5,2035.5,369,9650,0.1672916228588745,4.800000000000001,2,1.5686159179138455,9.406523741707609,3,0,1,2,1
A6018,2022,A road,13018,2207,382,10307,0.16953421751773756,4.800000000000001,2,1.5686159179138455,9.474088294132333,4,0,4,0,4
A6018,2023,A road,13243,2244,376.5,10501,0.16944706727999065,4.800000000000001,2,1.5686159179138455,9.491224389926964,5,0,1,4,1
A6018,2024,A road,13442.5,2284.5,374.5,10660,0.16994663168309454,4.800000000000001,2,1.5686159179138455,9.506176608683834,2,0,0,2,0
A6027,2017,A road,26478.333333333332,3780.3333333333335,1031,21468.666666666668,0.1406012274328955,2.4000000000000004,3,0.8754687373539001,10.184082067486013,4,0,0,4,0
A6027,2018,A road,26535.666666666668,3869.6666666666665,1055.6666666666667,21437.333333333332,0.14369748024483947,2.6,3,0.9555114450274363,10.186245018996388,3,0,0,3,0
A6027,2019,A road,26682.666666666668,3846.6666666666665,1058.6666666666667,21603.666666666668,0.14184618418501466,2.6,3,0.9555114450274363,10.191769445059876,2,0,0,2,0
A6027,2020,A road,21758.333333333332,3635.3333333333335,963.6666666666666,17046.333333333332,0.1628956703339882,2.6,3,0.9555114450274363,9.98775210489922,2,0,0,2,0
A6027,2021,A road,23941,4063.6666666666665,1036,18719,0.16452192695933504,2.6,3,0.9555114450274363,10.08334774933398,3,0,0,3,0
A6027,2022,A road,26381.666666666668,4219.666666666667,1242,20785.666666666668,0.15766311517933912,2.6,3,0.9555114450274363,10.18042460345173,3,0,0,3,0
A6027,2023,A road,26881,4297,1219,21233.333333333332,0.157588414702723,2.6,3,0.9555114450274363,10.199174996326047,4,0,2,2,2
A6027,2024,A road,28471.666666666668,4309,1165,22833.666666666668,0.14868569626598094,2.6,3,0.9555114450274363,10.256664719713049,5,0,1,4,1
A6033,2017,A road,8112,1348.5,255,6398.5,0.1662340307210835,3.4000000000000004,2,1.2237754316221159,9.001099725830965,2,0,0,2,0
A6033,2018,A road,8063.5,1373.5,257.5,6328,0.17033627976356258,3.4000000000000004,2,1.2237754316221159,8.995102984420571,2,0,0,2,0
A6033,2019,A road,8128,1362,257.5,6408,0.16756921434517755,3.4000000000000004,2,1.2237754316221159,9.003070169818264,1,0,1,0,1
A6033,2020,A road,6363.5,1201.5,226,4867,0.18881193505189153,3.4000000000000004,2,1.2237754316221159,8.758333819432101,1,0,0,1,0
A6033,2021,A road,6986,1310,242,5362.5,0.1875198113071867,3.4000000000000004,2,1.2237754316221159,8.851663425366777,1,0,0,1,0
A6033,2022,A road,7475.5,1420,250,5727.5,0.18995375855509794,3.4000000000000004,2,1.2237754316221159,8.919386285653983,1,0,0,1,0
A6033,2023,A road,7603.5,1444.5,247,5835,0.18997710559178577,3.4000000000000004,2,1.2237754316221159,8.936363946580514,1,0,0,1,0
A6033,2024,A road,8859.5,1470.5,172,7117,0.16598060971546988,3.4000000000000004,2,1.2237754316221159,9.089245608598125,1,1,0,0,1
A6041,2017,A road,6548.75,705.75,125,5483.75,0.11359393912252796,1.2,4,0.1823215567939546,8.78702947072243,4,0,0,4,0
A6041,2018,A road,6482.25,718.75,125.5,5423.25,0.11679108791623434,1.2,4,0.1823215567939546,8.776822951300858,0,0,0,0,0
A6041,2019,A road,7116,735.6666666666666,119,5993.666666666667,0.1085126750233544,1,3,0,8.870101048785726,6,0,1,5,1
A6041,2020,A road,5146.333333333333,654.6666666666666,91,4154.666666666667,0.13217013978225667,1,3,0,8.546039765973816,4,0,0,4,0
A6041,2021,A road,6592,787.3333333333334,130.66666666666666,5409.333333333333,0.1232133773839452,1,3,0,8.793612071589308,4,1,1,2,2
A6041,2022,A road,7052.666666666667,853.6666666666666,135.66666666666666,5777.666666666667,0.12486967520555486,1,3,0,8.861161074878611,3,0,1,2,1
A6041,2023,A road,7175.333333333333,868,133.66666666666666,5886.333333333333,0.12480189848801283,1,3,0,8.878404497156135,4,0,0,4,0
A6041,2024,A road,9381,1112,167,7685,0.11859208954728387,0.8,2,-0.2231435513142097,9.14644164612595,2,0,0,2,0
A6042,2017,A road,20682.333333333332,2471,518.1111111111111,17339.88888888889,0.12361056839694542,3.1,9,1.1314021114911006,9.93703515268947,15,0,1,14,1
A6042,2018,A road,20521.333333333332,2517.3333333333335,520.8888888888889,17148.88888888889,0.12720896602174633,3.1,9,1.1314021114911006,9.929220274431735,16,2,5,9,7
A6042,2019,A road,20641.444444444445,2428.4444444444443,487.1111111111111,17438.555555555555,0.12068995321866094,3.1,9,1.1314021114911006,9.93505619992029,18,0,1,17,1
A6042,2020,A road,16266.777777777777,2184.222222222222,475.8888888888889,13416.222222222223,0.1380446099324932,3.1,9,1.1314021114911006,9.696880133750893,8,0,3,5,3
A6042,2021,A road,18011.222222222223,2408.5555555555557,501.3333333333333,14908.666666666666,0.13959995485567236,3.1,9,1.1314021114911006,9.798750299399982,6,0,0,6,0
A6042,2022,A road,21165.625,2760.75,554.25,17624.625,0.13575095230816642,2.8,8,1.0296194171811581,9.960133682403269,10,0,1,9,1
A6042,2023,A road,21533.375,2807.75,545.25,17955.875,0.1357365514715926,2.8,8,1.0296194171811581,9.977359336085232,10,0,3,7,3
A6042,2024,A road,20394.666666666668,2522.5555555555557,481.22222222222223,17189.444444444445,0.13236469069629087,3.1,9,1.1314021114911006,9.923028707742963,6,0,0,6,0
A6043,2017,A road,17510,2096,178,14818,0.11970302684180469,0.8,1,-0.2231435513142097,9.770527425279898,5,0,1,4,1
A6043,2018,A road,17356,2135,179,14655,0.12301221479603595,0.8,1,-0.2231435513142097,9.761693546918242,1,0,0,1,0
A6043,2019,A road,17518,2116,178,14838,0.12079004452563077,0.8,1,-0.2231435513142097,9.770984202723035,3,0,0,3,0
A6043,2020,A road,15083,1584,132,12530,0.10501889544520321,0.8,1,-0.2231435513142097,9.621323560768252,0,0,0,0,0
A6043,2021,A road,16538,1727,142,13805,0.10442617003265207,0.8,1,-0.2231435513142097,9.713416042282113,3,1,0,2,1
A6043,2022,A road,17694,1872,147,14745,0.10579857578840285,0.8,1,-0.2231435513142097,9.780980878043332,2,0,1,1,1
A6043,2023,A road,18008,1904,145,15022,0.10573078631719236,0.8,1,-0.2231435513142097,9.798571382586568,4,0,1,3,1
A6044,2017,A road,15887.25,2163.5,408,13176.5,0.13619007525825885,5.5,4,1.7047480922384253,9.673272179732676,8,0,0,8,0
A6044,2018,A road,16224,2274,424,13388.5,0.13969337644440144,5.5,4,1.7047480922384253,9.69424690639091,7,0,2,5,2
A6044,2019,A road,15900.75,2182,409,13181.5,0.13725417836377057,5.5,4,1.7047480922384253,9.674121556907183,6,0,2,4,2
A6044,2020,A road,13319.25,1975.5,397.75,10834.25,0.14880844035569868,5.5,4,1.7047480922384253,9.496965636202814,5,0,0,5,0
A6044,2021,A road,14630,2152.75,428.5,11932.25,0.14765056317118322,5.5,4,1.7047480922384253,9.59082949401417,10,0,2,8,2
A6044,2022,A road,15480,2304,440,12610.5,0.1496300987500925,5.5,4,1.7047480922384253,9.647304147143718,6,0,1,5,1
A6044,2023,A road,16247.5,2430,449.75,13239.25,0.14955372810924794,5.5,4,1.7047480922384253,9.695694329768504,4,0,1,3,1
A6044,2024,A road,16599.5,2493,449.75,13525,0.15001224881201577,5.5,4,1.7047480922384253,9.717127853409076,4,0,0,4,0
A6045,2017,A road,8279,1166,165,6871,0.14083826549100134,5.1,1,1.62924053973028,9.021477467138807,9,0,2,7,2
A6045,2018,A road,8302,1221,168,6839,0.14707299445916647,5.1,1,1.62924053973028,9.024251728612985,3,0,0,3,0
A6045,2019,A road,8318,1217,170,6854,0.1463092089444578,5,1,1.6094379124341003,9.026177120302856,6,0,3,3,3
A6045,2020,A road,6253,1042,151,5005,0.16664001279385895,5,1,1.6094379124341003,8.740816627567298,2,1,0,1,1
A6045,2021,A road,8069,1238,205,6569,0.1534266947577147,5,1,1.6094379124341003,8.995784837848506,2,0,1,1,1
A6045,2022,A road,8703,1379,211,7051,0.15845110881305297,5,1,1.6094379124341003,9.071423072789514,1,0,1,0,1
A6045,2023,A road,9171,1348.5,236,7509,0.14736338867005833,5.1,2,1.62924053973028,9.123801610558944,2,0,0,2,0
A6045,2024,A road,10683.5,1458,219.5,8915.5,0.136524158715356,5.1,2,1.62924053973028,9.276455774183043,3,0,2,1,2
A6046,2017,A road,13155.4,2283.6,304.2,10347.8,0.179091091011464,5,5,1.6094379124341003,9.484587599701591,3,0,0,3,0
A6046,2018,A road,13092.8,1982.6,267.8,10635.8,0.14726300840817555,5.2,5,1.6486586255873816,9.479817739773118,8,0,1,7,1
A6046,2019,A road,13207.2,1965.2,267.2,10769,0.14471598771744143,5.2,5,1.6486586255873816,9.488517414413659,5,0,2,3,2
A6046,2020,A road,10491.2,1679,252.4,8407.6,0.15783884727429012,5.2,5,1.6486586255873816,9.258292089509355,6,0,1,5,1
A6046,2021,A road,11521.8,1830.4,270.4,9262.8,0.1566936105572245,5.2,5,1.6486586255873816,9.351996172044123,7,1,0,6,1
A6046,2022,A road,12328.4,1984.4,280,9893.4,0.15874281690415515,5.2,5,1.6486586255873816,9.419660822936912,8,0,0,8,0
A6046,2023,A road,12549.6,2000.8,264.8,10115.6,0.1576337206030907,5.2,5,1.6486586255873816,9.43744407154203,9,0,2,7,2
A6046,2024,A road,12740.4,2036.4,264.4,10268.6,0.1580126497041228,5.2,5,1.6486586255873816,9.452533325807527,6,0,3,3,3
A6048,2017,A road,14005.333333333334,1706,303.3333333333333,11876.333333333334,0.12665714249935692,1.9,3,0.6418538861723947,9.547193488434413,4,0,0,4,0
A6048,2018,A road,13900.666666666666,1738,305,11745.666666666666,0.1299671289097206,1.9,3,0.6418538861723947,9.539692079599357,6,0,1,5,1
A6048,2019,A road,15881.333333333334,1668.3333333333333,240.66666666666666,13904.333333333334,0.10563703371696852,1.9,3,0.6418538861723947,9.672899694332681,1,0,0,1,0
A6048,2020,A road,12291,1472,211,10561.333333333334,0.12036972683958481,1.9,3,0.6418538861723947,9.416622566214981,2,0,0,2,0
A6048,2021,A road,13515.333333333334,1604.6666666666667,226.33333333333334,11635.666666666666,0.11933487641237465,1.9,3,0.6418538861723947,9.51158012236003,5,0,2,3,2
A6048,2022,A road,14454.666666666666,1740,234.33333333333334,12427.666666666666,0.12100029634191505,1.9,3,0.6418538861723947,9.578772594113072,2,0,0,2,0
A6048,2023,A road,16168.666666666666,1741.6666666666667,227.66666666666666,14150.333333333334,0.11328984225850934,1.9,3,0.6418538861723947,9.690830491946054,3,0,0,3,0
A6048,2024,A road,17159.666666666668,1736.3333333333333,213.33333333333334,15167.333333333334,0.10563312780189574,1.9,3,0.6418538861723947,9.750316947833861,3,0,2,1,2
A6050,2017,A road,2256,397,50,1781,0.17597517730496454,1.1,2,0.09531017980432493,7.721348612617949,0,0,0,0,0
A6050,2018,A road,2340,429,53,1830,0.18333333333333332,1.1,2,0.09531017980432493,7.757906208351747,1,0,0,1,0
A6050,2019,A road,2269,414,52,1775,0.18245923314235346,1.1,2,0.09531017980432493,7.727094484779841,0,0,0,0,0
A6050,2020,A road,1699,349,46,1284,0.20541494997057091,1.1,2,0.09531017980432493,7.4377951216719325,0,0,0,0,0
A6050,2021,A road,1590,343,42,1187,0.21572327044025158,1.1,2,0.09531017980432493,7.371489295214277,1,0,0,1,0
A6050,2022,A road,2254,498,57,1674,0.2209405501330967,1.1,2,0.09531017980432493,7.720461694599722,0,0,0,0,0
A6050,2023,A road,2344,515,56,1747,0.2197098976109215,1.1,2,0.09531017980432493,7.759614150696903,0,0,0,0,0
A6050,2024,A road,2365,522.5,56,1761.5,0.2209310184039603,1.1,2,0.09531017980432493,7.768533300926033,0,0,0,0,0
A6051,2017,A road,3141,635,113,2329,0.20216491563196434,0.5,1,-0.6931471805599453,8.052296499538647,0,0,0,0,0
A6051,2018,A road,4238,404,30,3755,0.09532798489853704,0.5,1,-0.6931471805599453,8.351846738828245,0,0,0,0,0
A6051,2019,A road,4246,403,30,3764,0.09491285916156382,0.5,1,-0.6931471805599453,8.353732642263202,0,0,0,0,0
A6051,2020,A road,3154,345,27,2748,0.1093849080532657,0.5,1,-0.6931471805599453,8.056426767522984,0,0,0,0,0
A6051,2021,A road,3467,395,29,3005,0.11393135275454283,0.5,1,-0.6931471805599453,8.151044945685024,1,0,0,1,0
A6051,2022,A road,3737,440,30,3226,0.11774150388011774,0.5,1,-0.6931471805599453,8.226038429485484,0,0,0,0,0
A6051,2023,A road,3823,448,30,3306,0.11718545644781585,0.5,1,-0.6931471805599453,8.248790733696413,0,0,0,0,0
A6051,2024,A road,3871,456,30,3345,0.11779901834151382,0.5,1,-0.6931471805599453,8.261268150577648,0,0,0,0,0
A6052,2017,A road,6019.333333333333,1081,127,4704,0.18421298866183303,6.1,3,1.8082887711792655,8.702731790199314,1,0,1,0,1
A6052,2018,A road,6000.333333333333,1110.6666666666667,128.33333333333334,4659.333333333333,0.1899071656937113,6.1,3,1.8082887711792655,8.699570302222595,3,0,2,1,2
A6052,2019,A road,5806,809,84.66666666666667,4822.333333333333,0.13964941750674462,6.1,3,1.8082887711792655,8.666647144584575,4,0,2,2,2
A6052,2020,A road,4463,707,75,3620.3333333333335,0.15888663352991436,6.1,3,1.8082887711792655,8.40357646462927,0,0,0,0,0
A6052,2021,A road,5012,747,63.666666666666664,4137.333333333333,0.15227891998164694,6.1,3,1.8082887711792655,8.51959031601596,2,0,0,2,0
A6052,2022,A road,5377.666666666667,817.6666666666666,66,4424.666666666667,0.15539784530927736,6.1,3,1.8082887711792655,8.590009853998035,0,0,0,0,0
A6052,2023,A road,5481.666666666667,831.6666666666666,65.33333333333333,4515.333333333333,0.15500470397846944,6.1,3,1.8082887711792655,8.609164469955047,2,0,1,1,1
A6052,2024,A road,5561.666666666667,847,65.33333333333333,4580,0.1556332932122373,6.1,3,1.8082887711792655,8.623653102517364,2,0,1,1,1
A6053,2017,A road,15621.142857142857,2418.1428571428573,333.42857142857144,12575.285714285714,0.15661655290093365,8.6,7,2.151762203259462,9.656380586987506,18,0,3,15,3
A6053,2018,A road,15511.714285714286,2463.4285714285716,337,12437.285714285714,0.16069071550797198,8.6,7,2.151762203259462,9.649350777832943,15,0,1,14,1
A6053,2019,A road,17036.166666666668,2613,372.6666666666667,13755.333333333334,0.15187262096028095,8.2,6,2.1041341542702074,9.743093814199444,15,1,0,14,1
A6053,2020,A road,13530.5,2275.8333333333335,319.6666666666667,10713.166666666666,0.16714998157206445,8.2,6,2.1041341542702074,9.512701675397022,13,1,2,10,3
A6053,2021,A road,14857.166666666666,2480.6666666666665,342.3333333333333,11802.666666666666,0.16592958948778624,8.2,6,2.1041341542702074,9.606237631631014,12,0,5,7,5
A6053,2022,A road,15899.5,2689.1666666666665,354.1666666666667,12606.166666666666,0.16807765678114808,8.2,6,2.1041341542702074,9.67404294117299,14,0,2,12,2
A6053,2023,A road,16229.833333333334,2700.1666666666665,334.8333333333333,12939.666666666666,0.16152578719776534,8.2,6,2.1041341542702074,9.694606391406824,18,0,8,10,8
A6053,2024,A road,17204.666666666668,2706,309,13899.166666666666,0.152994694970589,8.2,6,2.1041341542702074,9.752935943830975,10,0,3,7,3
A6060,2017,A road,10702,1253,227,9057,0.11708091945430761,1.2,1,0.1823215567939546,9.27818591887125,5,0,0,5,0
A6060,2018,A road,11297,976,200,9928,0.08639461804018767,1.2,1,0.1823215567939546,9.33229248272693,1,0,0,1,0
A6060,2019,A road,11412,967,200,10053,0.0847353662811076,1.2,1,0.1823215567939546,9.342420712333391,0,0,0,0,0
A6060,2020,A road,8791,854,176,7636,0.09714480718917075,1.2,1,0.1823215567939546,9.081483749851179,0,0,0,0,0
A6060,2021,A road,9662,931,188,8412,0.09635686193334714,1.2,1,0.1823215567939546,9.175955945114351,0,0,0,0,0
A6060,2022,A road,10330,1009,195,8985,0.09767666989351403,1.2,1,0.1823215567939546,9.242807562113684,2,0,0,2,0
A6060,2023,A road,10514,1026,192,9154,0.09758417348297509,1.2,1,0.1823215567939546,9.260462981379394,0,0,0,0,0
A6060,2024,A road,10672,1044,192,9293,0.09782608695652174,1.2,1,0.1823215567939546,9.275378768155404,1,0,0,1,0
A6099,2017,A road,12457,1909,162,10114,0.15324717026571405,1.7,1,0.5306282510621704,9.430037992886092,8,0,3,5,3
A6099,2018,A road,12372,1945,164,10002,0.15720982864532815,1.7,1,0.5306282510621704,9.423191133804961,4,0,0,4,0
A6099,2019,A road,12469,1928,163,10128,0.1546234661961665,1.7,1,0.5306282510621704,9.431000842996585,2,0,0,2,0
A6099,2020,A road,9713,1701,143,7693,0.1751261196334809,1.7,1,0.5306282510621704,9.18122047340233,4,0,0,4,0
A6099,2021,A road,13677,1908,149,11475,0.13950427725378373,1.7,1,0.5306282510621704,9.523470868881551,8,0,2,6,2
A6099,2022,A road,14636,2068,155,12256,0.14129543591145122,1.7,1,0.5306282510621704,9.591239526139097,1,0,1,0,1
A6099,2023,A road,14899,2103,153,12487,0.14115041277938117,1.7,1,0.5306282510621704,9.60904937558734,5,1,2,2,3
A6099,2024,A road,15129,2141,154,12676,0.1415162932117126,1.7,1,0.5306282510621704,9.624368710744834,1,0,0,1,0
A6104,2017,A road,14853.714285714286,2017.4285714285713,338.14285714285717,12265.57142857143,0.13654232064452126,10.2,7,2.3223877202902252,9.606005233206112,21,0,5,16,5
A6104,2018,A road,14793.42857142857,1985.4285714285713,347.14285714285717,12263.142857142857,0.13348875276136377,10.2,7,2.3223877202902252,9.601938345704145,18,0,4,14,4
A6104,2019,A road,14658.285714285714,1935.5714285714287,336.57142857142856,12193,0.13114666434478367,10.2,7,2.3223877202902252,9.59276103233333,15,0,2,13,2
A6104,2020,A road,11722.42857142857,1773.4285714285713,314,9507.142857142857,0.1495817361639347,10.2,7,2.3223877202902252,9.369259257656934,17,0,4,13,4
A6104,2021,A road,12877.142857142857,1933,336.85714285714283,10474,0.14842559877627565,10.2,7,2.3223877202902252,9.463209147189326,13,0,3,10,3
A6104,2022,A road,13775.57142857143,2095.714285714286,348.42857142857144,11187.42857142857,0.15042722541613765,10.2,7,2.3223877202902252,9.530652116178608,14,0,1,13,1
A6104,2023,A road,14015.42857142857,2131.285714285714,342.14285714285717,11397.857142857143,0.15037288280069094,10.2,7,2.3223877202902252,9.547914042612513,13,0,3,10,3
A6104,2024,A road,14218.714285714286,2033.4285714285713,313,11736.857142857143,0.14260057988419472,10.2,7,2.3223877202902252,9.562314283356265,14,0,5,9,5
A6140,2017,A road,21818.666666666668,3223.3333333333335,543,17884.666666666668,0.14918562662771143,3.4,3,1.2237754316221157,9.99052115150107,5,0,0,5,0
A6140,2018,A road,22125,3219.3333333333335,549,18194,0.14752032522888464,3.6,3,1.2809338454620642,10.00446346987613,4,0,0,4,0
A6140,2019,A road,20644.75,2808.5,447,17245.5,0.1353184759709825,3.8000000000000003,4,1.3350010667323402,9.935216328777265,3,0,0,3,0
A6140,2020,A road,16067.75,2478.5,392.25,13099.25,0.15325420309253862,3.8000000000000003,4,1.3350010667323402,9.68456943648335,3,0,2,1,2
A6140,2021,A road,17656,2701.75,420.25,14431.5,0.15207100829014358,3.8000000000000003,4,1.3350010667323402,9.778830947936573,3,0,2,1,2
A6140,2022,A road,19921,2952,440.25,16403.5,0.14878205201938774,3.8000000000000003,4,1.3350010667323402,9.899529730681785,6,1,1,4,2
A6140,2023,A road,20878,2890.25,470,17391.25,0.14177765476272802,3.8000000000000003,4,1.3350010667323402,9.946451251968243,3,0,0,3,0
A6140,2024,A road,20817.4,2705.2,392,17412.4,0.1293772242599145,4.6000000000000005,5,1.5260563034950494,9.943544454447663,1,0,0,1,0
A6143,2017,A road,5376,641,43,4491,0.11923363095238096,0.8,1,-0.2231435513142097,8.589699882202986,1,0,0,1,0
A6143,2018,A road,5325,653,43,4442,0.12262910798122066,0.8,1,-0.2231435513142097,8.580167990577626,1,0,0,1,0
A6143,2019,A road,5372,647,43,4497,0.12043931496649293,0.8,1,-0.2231435513142097,8.588955557643128,0,0,0,0,0
A6143,2020,A road,2139,483,38,1560,0.22580645161290322,0.8,1,-0.2231435513142097,7.668093709082406,0,0,0,0,0
A6143,2021,A road,2347,527,41,1718,0.22454196847038774,0.8,1,-0.2231435513142097,7.760893195851024,0,0,0,0,0
A6143,2022,A road,2514,571,42,1835,0.22712808273667462,0.8,1,-0.2231435513142097,7.829630389150193,2,0,0,2,0
A6143,2023,A road,2558,581,42,1870,0.227130570758405,0.8,1,-0.2231435513142097,7.846980982138788,1,0,0,1,0
A6143,2024,A road,2597,591,41,1898,0.22757027339237582,0.8,1,-0.2231435513142097,7.862112211662748,2,0,2,0,2
A6144,2017,A road,13143.333333333334,1647.8333333333333,472.6666666666667,10858.333333333334,0.12773965227672113,16.9,6,2.8273136219290276,9.483669938203564,23,0,4,19,4
A6144,2018,A road,12322,1449,440.3333333333333,10309.5,0.11669966985202222,17.1,6,2.8390784635086144,9.419141561574516,8,0,1,7,1
A6144,2019,A road,12386.5,1441.6666666666667,440.5,10380.166666666666,0.11547826474759593,17.1,6,2.8390784635086144,9.424362448840832,14,1,5,8,6
A6144,2020,A road,9445.333333333334,1247.6666666666667,394.6666666666667,7717.833333333333,0.13136078859293632,17.1,6,2.8390784635086144,9.153276071354504,9,1,1,7,2
A6144,2021,A road,10897.166666666666,1497.8333333333333,448.5,8857.5,0.13516940027616842,17.1,6,2.8390784635086144,9.296258095589359,12,0,1,11,1
A6144,2022,A road,12750.833333333334,1764,510.5,10367,0.13323564684934086,17.1,6,2.8390784635086144,9.453351907927859,11,0,3,8,3
A6144,2023,A road,12992.833333333334,1797.3333333333333,490.3333333333333,10598.5,0.13315505254862542,17.1,6,2.8390784635086144,9.472153202380571,9,1,2,6,3
A6144,2024,A road,13505.833333333334,1861.5,489.8333333333333,11035.333333333334,0.13291951886920572,17.1,6,2.8390784635086144,9.510876969864166,11,0,8,3,8
A6145,2017,A road,8258,1097,93,6963,0.13284088156938725,1.2,1,0.1823215567939546,9.018937706446035,1,0,0,1,0
A6145,2018,A road,8195,1118,93,6886,0.13642464917632702,1.2,1,0.1823215567939546,9.01127949117793,2,0,0,2,0
A6145,2019,A road,8270,1108,93,6972,0.1339782345828295,1.2,1,0.1823215567939546,9.020389788017736,1,0,0,1,0
A6145,2020,A road,6420,978,82,5296,0.15233644859813084,1.2,1,0.1823215567939546,8.767173396684006,0,0,0,0,0
A6145,2021,A road,8336,949,97,7196,0.11384357005758157,1.2,1,0.1823215567939546,9.028338763993148,2,0,0,2,0
A6145,2022,A road,8917,1028,101,7686,0.11528540989121902,1.2,1,0.1823215567939546,9.095714846134879,3,0,0,3,0
A6145,2023,A road,9078,1046,99,7831,0.1152236175369024,1.2,1,0.1823215567939546,9.113609183016411,1,0,0,1,0
A6145,2024,A road,9217,1065,100,7949,0.11554735814256266,1.2,1,0.1823215567939546,9.128804883993665,2,0,0,2,0
A6172,2017,A road,9514,1005,77,7478,0.1056338028169014,0.4,1,-0.916290731874155,9.160519676992227,1,0,0,1,0
A6172,2018,A road,4294,395,38,2802,0.091988821611551,0.4,1,-0.916290731874155,8.364973978438726,1,0,1,0,1
A6172,2019,A road,4336,391,38,2837,0.09017527675276753,0.4,1,-0.916290731874155,8.374707543119483,0,0,0,0,0
A6172,2020,A road,3212,345,33,2155,0.10740971357409713,0.4,1,-0.916290731874155,8.074649075066652,1,0,1,0,1
A6172,2021,A road,3487,376,35,2374,0.10782907943791224,0.4,1,-0.916290731874155,8.156797046675651,2,0,1,1,1
A6172,2022,A road,3734,408,37,2536,0.10926620246384575,0.4,1,-0.916290731874155,8.225235324101668,0,0,0,0,0
A6172,2023,A road,3795,415,36,2583,0.10935441370223979,0.4,1,-0.916290731874155,8.24143968982973,0,0,0,0,0
A6172,2024,A road,3845,422,36,2622,0.10975292587776334,0.4,1,-0.916290731874155,8.254528881939745,1,0,0,1,0
A6184,2023,A road,7594,1205.5,896,5425,0.15792993967048818,2.0999999999999996,2,0.7419373447293771,8.935113740791747,0,0,0,0,0
A6184,2024,A road,7672.5,1226.5,887.5,5490.5,0.15903684091801645,2.0999999999999996,2,0.7419373447293771,8.945397786493892,0,0,0,0,0
A6188,2019,A road,19817.25,3013,407.75,16218.25,0.14840649666095998,5.1,4,1.62924053973028,9.894308049518834,0,0,0,0,0
A6188,2020,A road,20198.75,3538.5,510.5,16040.75,0.17134004572148068,5.1,4,1.62924053973028,9.913376000286458,0,0,0,0,0
A6188,2021,A road,22220.75,3923.75,547.75,17634,0.17224387814432088,5.1,4,1.62924053973028,10.008781815999326,12,0,2,10,2
A6188,2022,A road,23360,3943.5,446.5,18867.75,0.16650595006204202,5.1,4,1.62924053973028,10.058780436942163,9,0,2,7,2
A6188,2023,A road,24007,4003.25,435.5,19452.25,0.16444310606900983,5.1,4,1.62924053973028,10.086100733470296,5,0,1,4,1
A6188,2024,A road,24356.25,4074.75,433.5,19729.75,0.16496766601610516,5.1,4,1.62924053973028,10.10054376908702,11,1,4,6,5
A6193,2017,A road,17880,2910.3333333333335,967,13927.333333333334,0.1720340044539199,3.1,3,1.1314021114911006,9.791438048727505,2,0,0,2,0
A6193,2018,A road,17884.333333333332,3009,987,13815.333333333334,0.17817921707335466,3.5,3,1.252762968495368,9.791680375814336,0,0,0,0,0
A6193,2019,A road,17911.666666666668,2999,989.6666666666666,13845.666666666666,0.1772823181438528,3,3,1.0986122886681098,9.793207548607144,1,0,0,1,0
A6193,2020,A road,15250.666666666666,2764,983.3333333333334,11423.666666666666,0.19092648539502582,3,3,1.0986122886681098,9.632378496927043,0,0,0,0,0
A6193,2021,A road,17012.666666666668,3050.6666666666665,949,12906.666666666666,0.17524494869647161,2.9,3,1.0647107369924282,9.741713443629834,1,0,1,0,1
A6193,2022,A road,19056.333333333332,3314,959.6666666666666,14662.666666666666,0.17334978485229005,2.9,3,1.0647107369924282,9.85515478374548,1,0,0,1,0
A6193,2023,A road,19459,3379.6666666666665,940.3333333333334,15025.333333333334,0.1731619803586037,2.9,3,1.0647107369924282,9.876064966958156,0,0,0,0,0
A6193,2024,A road,19639.333333333332,3461.3333333333335,841.6666666666666,15209,0.1751888622651397,2.9,3,1.0647107369924282,9.885289637001039,1,0,0,1,0
A62,2017,A road,20907.095238095237,2985.714285714286,559,16852.04761904762,0.14780409851251053,24.6,21,3.202746442938317,9.947843865417209,73,1,9,63,10
A62,2018,A road,20524.619047619046,3024.285714285714,598.4285714285714,16467.666666666668,0.15306176775185784,24.6,21,3.202746442938317,9.929380373740054,58,3,8,47,11
A62,2019,A road,22654.666666666668,2999.1428571428573,589.9047619047619,18669.095238095237,0.137869491516021,24.6,21,3.202746442938317,10.02812114353754,50,1,6,43,7
A62,2020,A road,18549.714285714286,2800.4285714285716,532,14929.47619047619,0.15449163813443742,24.6,21,3.202746442938317,9.828209665529593,31,2,7,22,9
A62,2021,A road,19700.14285714286,2893.714285714286,551.2380952380952,15945.380952380952,0.1512391640400209,24.6,21,3.202746442938317,9.888381166331405,42,3,7,32,10
A62,2022,A road,21261.714285714286,3118.5714285714284,568.1428571428571,17246.238095238095,0.15196830151836827,24.6,21,3.202746442938317,9.96466328296851,33,2,9,22,11
A62,2023,A road,20053.666666666668,2923.095238095238,515.047619047619,16292.809523809523,0.15136157868829028,24.6,21,3.202746442938317,9.906167292157887,28,0,13,15,13
A62,2024,A road,19459.04761904762,2721.904761904762,484.57142857142856,15936.761904761905,0.14731519389524478,24.6,21,3.202746442938317,9.876067414102888,43,2,15,26,17
A626,2017,A road,16538.5,2340.1666666666665,350.3333333333333,13641.5,0.14496292855311707,15.3,6,2.72785282839839,9.713446275226953,16,0,2,14,2
A626,2018,A road,16515,2424.5,356,13539.166666666666,0.15015413993119092,15.5,6,2.740840023925201,9.71202433782489,21,0,6,15,6
A626,2019,A road,14914.75,1874,291.25,12554.5,0.12913409799956116,11.7,4,2.4595888418037104,9.610105935159025,25,1,3,21,4
A626,2020,A road,12148.75,1758.5,244.5,10001.25,0.14815069960208702,11.7,4,2.4595888418037104,9.40498156281768,20,0,5,15,5
A626,2021,A road,13363,1969.25,262.5,10974.75,0.15067312956590076,11.7,4,2.4595888418037104,9.500244972781061,10,1,1,8,2
A626,2022,A road,14360.75,2166.75,271.5,11752.75,0.15408393378629567,11.7,4,2.4595888418037104,9.572254069650615,5,0,2,3,2
A626,2023,A road,14482,2079.75,238,11964.25,0.14682043487458918,11.7,4,2.4595888418037104,9.580661777948766,6,0,3,3,3
A626,2024,A road,14964.5,2113,226.25,12405.75,0.14403780857287457,11.7,4,2.4595888418037104,9.613436008435613,9,0,5,4,5
A627,2017,A road,14406.45,1982.7,309.7,11879.25,0.136120922251671,23.1,20,3.139832617527748,9.575431301946034,59,1,11,47,12
A627,2018,A road,14426.5,1933.35,304.55,11974.4,0.13196834218431286,23.5,20,3.1570004211501135,9.5768220721053,70,1,11,58,12
A627,2019,A road,14201.904761904761,1737.6666666666667,291.6666666666667,11935.619047619048,0.11792291243430053,24,21,3.1780538303479458,9.561131372755941,45,0,4,41,4
A627,2020,A road,11260.285714285714,1546.2380952380952,263.14285714285717,9294.952380952382,0.13328988260126898,24,21,3.1780538303479458,9.32903727564225,34,0,8,26,8
A627,2021,A road,12606.952380952382,1716.3333333333333,280.3333333333333,10442.619047619048,0.13158237883561974,24,21,3.1780538303479458,9.4420037170330815,46,1,15,30,16
A627,2022,A road,13484.904761904761,1834.095238095238,288.7142857142857,11179.333333333334,0.13030277106379567,24,21,3.1780538303479458,9.509326173027924,42,0,13,29,13
A627,2023,A road,13844.380952380952,1856.142857142857,262.2857142857143,11539,0.12878760166712727,24,21,3.1780538303479458,9.53563472188465,35,0,3,32,3
A627,2024,A road,14209.380952380952,1894.3809523809523,261.3333333333333,11857.904761904761,0.12724739533242613,24,21,3.1780538303479458,9.561657655918479,29,2,3,24,5
A627(M),2017,A road,38672.5,6219.833333333333,2321.1666666666665,29892.666666666668,0.16623569056902351,6.9,6,1.9315214116032138,10.56288403211082,3,0,0,3,0
A627(M),2018,A road,39456.666666666664,6555.166666666667,2407.3333333333335,30250.833333333332,0.17174963691932005,7.5,6,2.0149030205422647,10.58295830227983,2,0,0,2,0
A627(M),2019,A road,40226.166666666664,6597.833333333333,2433.6666666666665,30953.166666666668,0.16924764595433744,7.5,6,2.0149030205422647,10.602272974961846,6,0,2,4,2
A627(M),2020,A road,31385.833333333332,6031.5,2314.8333333333335,22909.666666666668,0.19756521596579502,7.5,6,2.0149030205422647,10.354111902361325,2,0,1,1,1
A627(M),2021,A road,39312,7086,2367.6666666666665,29695.333333333332,0.1913152379423149,7.5,6,2.0149030205422647,10.57928509476096,5,0,2,3,2
A627(M),2022,A road,39230.5,7274.333333333333,2182.1666666666665,29605.333333333332,0.19142864137917967,7.5,6,2.0149030205422647,10.577209784470325,7,0,1,6,1
A627(M),2023,A road,39160.333333333336,7446.5,2263.5,29291.333333333332,0.19508924352710155,7.5,6,2.0149030205422647,10.575419608695382,3,0,0,3,0
A627(M),2024,A road,42359,7854.166666666667,2313.5,32007.5,0.19322928030898615,7.5,6,2.0149030205422647,10.653936192260108,9,0,1,8,1
A628,2017,A road,14089,2909,1604,9383,0.2064731350699127,1.1,1,0.09531017980432493,9.553149630053277,2,0,1,1,1
A628,2018,A road,14218,3046,1625,9351,0.2142354761569841,1.1,1,0.09531017980432493,9.562264046489428,1,0,1,0,1
A628,2019,A road,14560,3041,1655,9669,0.20885989010989012,1.1,1,0.09531017980432493,9.586033321750676,0,0,0,0,0
A628,2020,A road,11167,3054,1568,6470,0.27348437360078803,1.1,1,0.09531017980432493,9.320718279445792,0,0,0,0,0
A628,2021,A road,12631,3587,1685,7284,0.2839838492597577,1.1,1,0.09531017980432493,9.443909388773974,0,0,0,0,0
A628,2022,A road,13219,3716,1633,7787,0.2811105227324306,1.1,1,0.09531017980432493,9.4894104675794,1,0,1,0,1
A628,2023,A road,13317,3797,1562,7874,0.28512427723961853,1.1,1,0.09531017980432493,9.496796693502144,0,0,0,0,0
A628,2024,A road,13390,2737,1268,9264,0.20440627333831218,1.1,1,0.09531017980432493,9.502263438685219,0,0,0,0,0
A635,2017,A road,24356.875,4130.8125,884.8125,19043.75,0.17581179854543647,26.6,16,3.2809112157876537,10.100569429522478,53,1,12,40,13
A635,2018,A road,23055.125,3547.5625,806.875,18430.5625,0.15090689829565254,26.6,16,3.2809112157876537,10.045643366443501,55,1,14,40,15
A635,2019,A road,23086.1875,3392.1875,793.125,18633.6875,0.1456337210261096,26.4,16,3.2733640101522705,10.046989773947299,43,1,11,31,12
A635,2020,A road,18688.8125,3200.75,719.1875,14584.5625,0.1704581229102157,26.4,16,3.2733640101522705,9.835680361780454,29,2,7,20,9
A635,2021,A road,20652.125,3530.375,767.75,16157.625,0.17036416860523718,26.4,16,3.2733640101522705,9.935573498663771,27,2,7,18,9
A635,2022,A road,23186.41176470588,3708.4117647058824,768.8235294117648,18467.941176470587,0.16228434072475786,26.5,17,3.2771447329921766,10.051321686268112,26,2,7,17,9
A635,2023,A road,23726.470588235294,3745.8823529411766,749.7647058823529,18993.823529411766,0.1600944546321253,26.5,17,3.2771447329921766,10.074346606308904,35,1,12,22,13
A635,2024,A road,24110.941176470587,3847.3529411764707,736.5294117647059,19296.235294117647,0.16087614990399562,26.5,17,3.2771447329921766,10.090421007181057,25,0,7,18,7
A640,2017,A road,8132.25,1183.375,236.375,6603.875,0.1717805203647978,14.2,8,2.653241964607215,9.0035929170204,10,0,1,9,1
A640,2018,A road,8352.375,1178.75,231.25,6843,0.1525610485349371,14.4,8,2.667228206581955,9.030301208539758,11,0,2,9,2
A640,2019,A road,8442,1158.875,251.375,6926.5,0.13827099679610905,14.4,8,2.667228206581955,9.040974526342444,13,2,3,8,5
A640,2020,A road,6534.875,1016.375,221.25,5224.875,0.15665468937980104,14.4,8,2.667228206581955,8.784908498101856,10,0,5,5,5
A640,2021,A road,7181.125,1119.25,237.75,5748.75,0.15942264370786735,14.4,8,2.667228206581955,8.87921133500519,8,0,1,7,1
A640,2022,A road,7693.125,1220.375,245.875,6145.625,0.16324630362385995,14.4,8,2.667228206581955,8.94808235186456,8,0,1,7,1
A640,2023,A road,8436.625,1306.375,250.5,6787.75,0.15981422515054,14.4,8,2.667228206581955,9.04033762609948,8,0,4,4,4
A640,2024,A road,8558.75,1329.75,249,6887,0.16053458368119536,14.4,8,2.667228206581955,9.054709430435272,4,0,0,4,0
A662,2017,A road,11106,1677.3333333333333,240.66666666666666,8896,0.15114585008749357,6.4,3,1.8562979903656263,9.315240781801553,21,0,6,15,6
A662,2018,A road,11017.333333333334,1709,242.33333333333334,8797.666666666666,0.15523810971468174,6.4,3,1.8562979903656263,9.307225069152965,20,1,4,15,5
A662,2019,A road,11112.333333333334,1694,242.33333333333334,8908.333333333334,0.15256459104707884,6.4,3,1.8562979903656263,9.315810881584452,10,0,1,9,1
A662,2020,A road,8649,1495,213.33333333333334,6766.333333333333,0.172996920503976,6.4,3,1.8562979903656263,9.065198986306513,10,0,1,9,1
A662,2021,A road,11020.666666666666,1674,248.33333333333334,8891.333333333334,0.15229220101270816,6.4,3,1.8562979903656263,9.307527576944848,12,2,4,6,6
A662,2022,A road,12323.666666666666,1773,237.33333333333334,10040,0.1439439677691951,6.4,3,1.8562979903656263,9.419276811855367,13,1,2,10,3
A662,2023,A road,12539.333333333334,1803.3333333333333,232.66666666666666,10229,0.14388840467710337,6.4,3,1.8562979903656263,9.43662564956264,5,0,0,5,0
A662,2024,A road,12727.333333333334,1835.3333333333333,231,10383.333333333334,0.14427944311012528,6.4,3,1.8562979903656263,9.451507190686495,14,0,6,8,6
A663,2017,A road,19373,2773.1,827,15571.8,0.14244434725752697,13.2,10,2.580216829592325,9.871635623086945,31,2,5,24,7
A663,2018,A road,19010.8,2739,813.5,15266.6,0.14282940648028375,13.7,10,2.617395832834079,9.852762517711156,19,0,3,16,3
A663,2019,A road,19577.5,2758,830.3,15797.9,0.13969451182600046,13.7,10,2.617395832834079,9.882136226625093,18,1,3,14,4
A663,2020,A road,15017.1,2409.3,714.8,11780.9,0.15876131975572827,13.7,10,2.617395832834079,9.616944830777774,19,0,2,17,2
A663,2021,A road,16739.8,2737,772.3,13115.1,0.1607114010339109,13.7,10,2.617395832834079,9.725544396540792,15,1,2,12,3
A663,2022,A road,18151.1,2859.7,767.5,14394,0.15524992144946195,13.7,10,2.617395832834079,9.80648644391713,18,0,5,13,5
A663,2023,A road,18399.1,2916,747.1,14606.8,0.15594903621711764,13.7,10,2.617395832834079,9.820057029357317,11,0,1,10,1
A663,2024,A road,18776.1,2868.8,712.6,15063.7,0.1496366171888453,13.7,10,2.617395832834079,9.840340063464696,6,0,3,3,3
A664,2017,A road,19423.315789473683,2528.1052631578946,436.5263157894737,15999.263157894737,0.12878538743632043,22.3,19,3.104586678466073,9.874229468232306,75,0,17,58,17
A664,2018,A road,18593.42105263158,2375.2631578947367,453.8421052631579,15361.947368421053,0.12390018081903059,22.7,19,3.122364924487357,9.830563090284507,52,2,9,41,11
A664,2019,A road,18759.42105263158,2269.2631578947367,418.4736842105263,15671,0.11873218758416117,22.7,19,3.122364924487357,9.83945136135009,58,1,13,44,14
A664,2020,A road,15544,2087.3684210526317,382.05263157894734,12772.315789473685,0.13118471661625203,22.7,19,3.122364924487357,9.651429991057276,29,3,7,19,10
A664,2021,A road,17295.736842105263,2334.315789473684,419,14183.736842105263,0.13125952701568083,22.7,19,3.122364924487357,9.75821532480633,40,0,6,34,6
A664,2022,A road,18812.833333333332,2503.777777777778,438.1111111111111,15464.722222222223,0.12967518096649053,22.7,18,3.122364924487357,9.84229454004965,37,0,13,24,13
A664,2023,A road,19295.833333333332,2540.6666666666665,426.8333333333333,15909.555555555555,0.1282903230172223,22.7,18,3.122364924487357,9.867644462120898,25,0,10,15,10
A664,2024,A road,19274.944444444445,2433.722222222222,405.27777777777777,16027,0.12368351964982063,22.7,18,3.122364924487357,9.866561316167685,35,1,10,24,11
A665,2017,A road,19539.190476190477,2424.7619047619046,391.6190476190476,16410.95238095238,0.1228017051447938,18.8,21,2.9338568698359038,9.880177495679737,82,1,15,66,16
A665,2018,A road,18846.333333333332,2254.5238095238096,367.6190476190476,15940.42857142857,0.12064224933442698,18.8,21,2.9338568698359038,9.844073655829499,72,0,8,64,8
A665,2019,A road,18864.47619047619,2143.809523809524,353.5238095238095,16090.761904761905,0.11395794388917216,18.8,21,2.9338568698359038,9.845035865804398,59,1,6,52,7
A665,2020,A road,14845.238095238095,1985.142857142857,304.8095238095238,12370.666666666666,0.13317239917910037,18.8,21,2.9338568698359038,9.60543442581886,53,2,13,38,15
A665,2021,A road,15905.666666666666,2155.4285714285716,289.5238095238095,13262.190476190477,0.13505188402044987,18.8,21,2.9338568698359038,9.674430718844999,42,0,8,34,8
A665,2022,A road,16084.380952380952,2206.1428571428573,284.95238095238096,13383.47619047619,0.13600560037279996,19.1,21,2.9496883350525844,9.685603952913308,38,1,14,23,15
A665,2023,A road,16678.571428571428,2174.2380952380954,280.2857142857143,14011.57142857143,0.1301824768702069,19.1,21,2.9496883350525844,9.72188002647583,35,1,10,24,11
A665,2024,A road,16621.761904761905,2123.3333333333335,274.6666666666667,14013.380952380952,0.12851192001526984,19.1,21,2.9496883350525844,9.718468073907498,42,0,17,25,17
A666,2017,A road,26280.066666666666,3719,729.2666666666667,21548.4,0.14462001035892416,19.9,15,2.990719731730447,10.176566009378687,34,3,5,26,8
A666,2018,A road,25772.466666666667,3680.2,723.4666666666667,21108,0.1435293260051631,20.3,15,3.0106208860477417,10.157062017601449,37,0,10,27,10
A666,2019,A road,26495.333333333332,3606.733333333333,670.3333333333334,21947.733333333334,0.13537614838665216,20.3,15,3.0106208860477417,10.184723895837847,45,1,4,40,5
A666,2020,A road,21426.933333333334,3451.266666666667,614.7333333333333,17184.266666666666,0.15866482742540033,20.3,15,3.0106208860477417,9.97240397665661,29,1,5,23,6
A666,2021,A road,23517.4,3765.733333333333,682.3333333333334,18878.4,0.157693609540887,20.3,15,3.0106208860477417,10.065495851684414,21,1,6,14,7
A666,2022,A road,25182.866666666665,3929.133333333333,656.8666666666667,20388.733333333334,0.1557037016594773,20.3,15,3.0106208860477417,10.133919148086758,20,1,2,17,3
A666,2023,A road,25675.866666666665,3979.9333333333334,631.6,20854,0.15504128067366607,20.3,15,3.0106208860477417,10.153306789501324,25,0,12,13,12
A666,2024,A road,25863.666666666668,3903.4666666666667,637.3333333333334,21104.266666666666,0.15058548142293274,20.3,15,3.0106208860477417,10.160594431395628,31,1,9,21,10
A667,2017,A road,14833,1663,150,12867,0.11211487898604464,6.1,2,1.8082887711792655,9.604609707323613,2,0,0,2,0
A667,2018,A road,14848.5,1742.5,153,12805.5,0.11735192006863343,6.1,2,1.8082887711792655,9.605654129027972,1,0,1,0,1
A667,2019,A road,14875,1736,155,12834,0.11670588235294117,6.1,2,1.8082887711792655,9.607437230413831,4,0,2,2,2
A667,2020,A road,11099,1486,138,9372,0.13388593566988016,6.1,2,1.8082887711792655,9.31461029315198,0,0,0,0,0
A667,2021,A road,13483,1649,122,11541,0.1223021582733813,6.1,2,1.8082887711792655,9.509184911634074,6,0,3,3,3
A667,2022,A road,14535,1837,126,12387,0.1263845889232886,6.1,2,1.8082887711792655,9.584314812992977,1,0,1,0,1
A667,2023,A road,14867,1873,123,12693,0.12598372233806418,6.1,2,1.8082887711792655,9.60689927061335,4,0,2,2,2
A667,2024,A road,15052,1906,122,12846,0.1266276906723359,6.1,2,1.8082887711792655,9.619266151713328,4,0,1,3,1
A669,2017,A road,9820.545454545454,1210.7272727272727,188.63636363636363,8209.454545454546,0.12692067758330144,12.700000000000001,11,2.5416019934645457,9.192231945075324,33,1,6,26,7
A669,2018,A road,9820.09090909091,1146.8181818181818,181.8181818181818,8297.818181818182,0.11961496234509542,12.700000000000001,11,2.5416019934645457,9.19218565885056,21,0,1,20,1
A669,2019,A road,9885.1,1135,177.2,8384,0.11683141148409175,12.4,10,2.517696472610991,9.198783851891433,35,0,7,28,7
A669,2020,A road,7647.3,950.6,143.1,6436.7,0.12853363083794633,12.4,10,2.517696472610991,8.942107923345715,12,1,1,10,2
A669,2021,A road,8402.4,1036.2,153.2,7091.3,0.12752977746216837,12.4,10,2.517696472610991,9.036272658308565,6,0,1,5,1
A669,2022,A road,8987.6,1123.2,158.4,7574.4,0.12922066106083807,12.4,10,2.517696472610991,9.103601128532075,10,0,3,7,3
A669,2023,A road,9149,1139.2,152.7,7726.2,0.12837629144627946,12.4,10,2.517696472610991,9.121399862679535,14,0,8,6,8
A669,2024,A road,9344.5,1100,165.2,7928.3,0.1217380076179159,12.4,10,2.517696472610991,9.142543213910358,11,1,3,7,4
A670,2017,A road,9429.875,1135.25,118,8028.375,0.12261183873515372,13.5,8,2.6026896854443837,9.15163811997231,11,0,4,7,4
A670,2018,A road,9615.5,1153.125,123.75,8197.875,0.12292041206600259,13.5,8,2.6026896854443837,9.171131658750902,9,0,1,8,1
A670,2019,A road,9672.25,1133.5,115.75,8283.875,0.11635401658930279,13.5,8,2.6026896854443837,9.177016239768685,17,0,5,12,5
A670,2020,A road,7440.625,995.875,102.125,6250.5,0.13287428908014667,13.5,8,2.6026896854443837,8.914710129675228,8,0,0,8,0
A670,2021,A road,8399.125,1066.25,110.125,7110.25,0.12898406819599034,13.5,8,2.6026896854443837,9.035882812739015,10,0,2,8,2
A670,2022,A road,8996.875,1161,113.875,7600.375,0.1313313824141746,13.5,8,2.6026896854443837,9.10463257380054,11,0,3,8,3
A670,2023,A road,9165.375,1181.125,112.25,7750.25,0.13111433224935282,13.5,8,2.6026896854443837,9.123188075967025,6,0,3,3,3
A670,2024,A road,9262.75,1167.5,108.125,7865.125,0.12874340817164034,13.5,8,2.6026896854443837,9.13375625979341,10,0,3,7,3
A671,2017,A road,13358.625,1619.5,264.625,11172.875,0.11949336707981849,12,8,2.4849066497880004,9.499917522632419,23,1,4,18,5
A671,2018,A road,13404.125,1550.125,249.25,11337.375,0.11615036459325763,12,8,2.4849066497880004,9.503317774388174,28,0,7,21,7
A671,2019,A road,13762.142857142857,1621.2857142857142,268.57142857142856,11617.57142857143,0.11905285603346526,11.6,7,2.451005098112319,9.529676830259547,29,0,6,23,6
A671,2020,A road,10660,1431.142857142857,235.85714285714286,8824.285714285714,0.13563318319198533,11.6,7,2.451005098112319,9.274253697719836,20,0,3,17,3
A671,2021,A road,11710.42857142857,1560,253.28571428571428,9721.857142857143,0.13459312019466876,11.6,7,2.451005098112319,9.368235054677687,14,0,3,11,3
A671,2022,A road,12527,1691.142857142857,262.57142857142856,10383.714285714286,0.1363944945785964,11.6,7,2.451005098112319,9.435641593844192,19,0,6,13,6
A671,2023,A road,12831.714285714286,1741.5714285714287,250.28571428571428,10641.142857142857,0.13765417745948086,11.6,7,2.451005098112319,9.459675064094249,19,1,5,13,6
A671,2024,A road,13338.285714285714,1682,193.14285714285714,11263.285714285714,0.1276108844482244,11.6,7,2.451005098112319,9.498393804036876,9,0,3,6,3
A672,2017,A road,7515.333333333333,1253.6666666666667,222.33333333333334,5929,0.1694829226203921,10,3,2.302585092994046,8.924700656936366,4,0,1,3,1
A672,2018,A road,7502.333333333333,1293.3333333333333,225.66666666666666,5880,0.175716223529881,10,3,2.302585092994046,8.922969362250486,6,0,3,3,3
A672,2019,A road,7874,1305,198.33333333333334,6239,0.16597417300261366,10,3,2.302585092994046,8.971321471503682,4,0,0,4,0
A672,2020,A road,6055.666666666667,1135,175.66666666666666,4655,0.18771870656698883,10,3,2.302585092994046,8.708749751770636,3,0,1,2,1
A672,2021,A road,7013,1128.6666666666667,238,5544,0.17517762858934832,10,3,2.302585092994046,8.85552084853691,1,0,1,0,1
A672,2022,A road,7532.333333333333,1241.3333333333333,246,5933.333333333333,0.17987925329567536,10,3,2.302585092994046,8.926960144418256,3,0,1,2,1
A672,2023,A road,7674.333333333333,1264.3333333333333,241,6060,0.1797211857511019,10,3,2.302585092994046,8.945636706576261,4,1,1,2,2
A672,2024,A road,7781,1286.6666666666667,241.33333333333334,6143.333333333333,0.18055102006493215,10,3,2.302585092994046,8.95944014361693,7,1,4,2,5
A673,2017,A road,17655.714285714286,2168.1428571428573,356.14285714285717,14865,0.12464902460628373,11.5,7,2.4423470353692043,9.778814765528468,31,1,6,24,7
A673,2018,A road,17427.714285714286,2069.1428571428573,341,14769.714285714286,0.12005858088574155,11.8,7,2.468099531471619,9.765816993122819,29,1,2,26,3
A673,2019,A road,17350.85714285714,1906.857142857143,319.14285714285717,14886.714285714286,0.11036353446564347,11.8,7,2.468099531471619,9.761397187201236,20,1,5,14,6
A673,2020,A road,13500.142857142857,1646,278.2857142857143,11425.857142857143,0.12242709294344228,11.8,7,2.468099531471619,9.510455546381113,22,2,4,16,6
A673,2021,A road,15679.142857142857,1907.4285714285713,283,13322.285714285714,0.1216193854512402,11.8,7,2.468099531471619,9.660086627687196,17,0,7,10,7
A673,2022,A road,16770.85714285714,2067.8571428571427,293.2857142857143,14229.42857142857,0.12326799597519797,11.8,7,2.468099531471619,9.727397965190116,14,2,1,11,3
A673,2023,A road,17068.85714285714,2102.5714285714284,288.57142857142856,14497.285714285714,0.12315072975614486,11.8,7,2.468099531471619,9.745010862337848,12,1,5,6,6
A673,2024,A road,17328.571428571428,2140.285714285714,288,14716.857142857143,0.12347995989842542,11.8,7,2.468099531471619,9.760111945876828,18,0,6,12,6
A675,2017,A road,7950,1467,179,6227,0.1855394722243029,2.8,2,1.0296194171811581,8.980927207648378,0,0,0,0,0
A675,2018,A road,7297.5,1108.5,190.5,5910,0.15929360665591782,2.8,2,1.0296194171811581,8.89528710272827,1,0,1,0,1
A675,2019,A road,7648.5,962,143,6478.5,0.1269302909208559,2.8,2,1.0296194171811581,8.94226482916332,1,0,0,1,0
A675,2020,A road,5850,837.5,126.5,4841,0.14468268890456215,2.8,2,1.0296194171811581,8.674196940225903,1,0,0,1,0
A675,2021,A road,6434.5,933.5,135.5,5317,0.14719948073394767,2.8,2,1.0296194171811581,8.76942941693372,2,0,0,2,0
A675,2022,A road,6908.5,1025,140.5,5690,0.15070691429538852,2.8,2,1.0296194171811581,8.840507816496725,0,0,0,0,0
A675,2023,A road,7044.5,1044,138,5811,0.15046579878620578,2.8,2,1.0296194171811581,8.860002449493331,3,0,0,3,0
A675,2024,A road,7144.5,1062.5,138,5891.5,0.1510324379603686,2.8,2,1.0296194171811581,8.874098108909024,0,0,0,0,0
A676,2017,A road,14474.846153846154,1714.6923076923076,238.6153846153846,12198.538461538461,0.12331642058631281,16.6,13,2.8094026953624978,9.580167673980304,36,2,6,28,8
A676,2018,A road,14169.23076923077,1664.076923076923,234.84615384615384,12021.076923076924,0.11906296016648746,16.8,13,2.8213788864092133,9.558828045341807,34,0,6,28,6
A676,2019,A road,13611.642857142857,1535.2857142857142,219.85714285714286,11630.142857142857,0.11126151192328422,17.5,14,2.8622008809294686,9.518680797922995,40,0,5,35,5
A676,2020,A road,10949.142857142857,1381.642857142857,191.64285714285714,9221.285714285714,0.12503303776873223,17.5,14,2.8622008809294686,9.301016454294276,30,1,5,24,6
A676,2021,A road,12033.57142857143,1512.4285714285713,206,10153.714285714286,0.12501657872828426,17.5,14,2.8622008809294686,9.395455641764991,26,1,6,19,7
A676,2022,A road,12880.357142857143,1643.5714285714287,213.42857142857142,10849.214285714286,0.12710166284278465,17.400000000000002,14,2.8564702062204836,9.463458727756615,22,1,3,18,4
A676,2023,A road,13114.142857142857,1672.0714285714287,210.35714285714286,11057.785714285714,0.12698745390884095,17.400000000000002,14,2.8564702062204836,9.48144653424775,32,1,8,23,9
A676,2024,A road,13300.642857142857,1649.7857142857142,206,11266.785714285714,0.12541524345174565,17.400000000000002,14,2.8564702062204836,9.495567648165263,25,0,7,18,7
A680,2017,A road,11627,1631.6666666666667,195.66666666666666,9671,0.14698889248468283,8.4,3,2.128231705849268,9.361085258668608,3,0,0,3,0
A680,2018,A road,11565.333333333334,1673,198.66666666666666,9574.333333333334,0.15183983716690866,8.4,3,2.128231705849268,9.355767396847092,10,1,1,8,2
A680,2019,A road,11657.333333333334,1660,199,9678,0.1498788088631434,8.4,3,2.128231705849268,9.363690731632673,12,0,0,12,0
A680,2020,A road,9016.333333333334,1455,175.66666666666666,7305,0.16985305648251026,8.4,3,2.128231705849268,9.106793026346454,6,0,2,4,2
A680,2021,A road,10018.666666666666,1516.3333333333333,170.66666666666666,8248.333333333334,0.15145805948911703,8.4,3,2.128231705849268,9.212205298585696,4,1,2,1,3
A680,2022,A road,10737,1652.6666666666667,177,8817.333333333334,0.15448104411583444,8.4,3,2.128231705849268,9.281450999434135,7,0,2,5,2
A680,2023,A road,10936.666666666666,1681.6666666666667,173.66666666666666,8992.666666666666,0.15429278724310383,8.4,3,2.128231705849268,9.299876337287037,2,0,0,2,0
A680,2024,A road,11269,1492,166,9506,0.13905856150962792,8.4,3,2.128231705849268,9.329810871952349,11,2,2,7,4
M56,2017,Motorway,105024.27272727272,13267.09090909091,5813.090909090909,85315.09090909091,0.12334504843752217,11.7,11,2.4595888418037104,11.561946771255432,14,0,1,13,1
M56,2018,Motorway,105762,13789.90909090909,5930.909090909091,85397.90909090909,0.12738486933704873,11.7,11,2.4595888418037104,11.568946565648009,13,0,3,10,3
M56,2019,Motorway,108578.54545454546,14832.363636363636,6252.545454545455,86835.90909090909,0.13371415688217927,11.7,11,2.4595888418037104,11.595229111298112,22,1,3,18,4
M56,2020,Motorway,73853.54545454546,13371.818181818182,5703.818181818182,54404.27272727273,0.1774745247048015,11.7,11,2.4595888418037104,11.209839295670312,12,1,3,8,4
M56,2021,Motorway,83302.54545454546,15213.727272727272,6000.727272727273,61703.90909090909,0.17995244982078296,11.7,11,2.4595888418037104,11.330234385365674,16,0,3,13,3
M56,2022,Motorway,91404.09090909091,15198,5800.090909090909,69940.54545454546,0.16703013639751096,11.7,11,2.4595888418037104,11.42304551474577,16,0,2,14,2
M56,2023,Motorway,101421.18181818182,15318.545454545454,5595.727272727273,79988.45454545454,0.1534029619718382,11.7,11,2.4595888418037104,11.527037241994407,21,0,3,18,3
M56,2024,Motorway,109956.54545454546,16795,5696.727272727273,86916.81818181818,0.15361994040468502,11.7,11,2.4595888418037104,11.60784052540286,8,0,3,5,3
M58,2017,Motorway,34615,5625.666666666667,3308,25520.666666666668,0.16276869256470944,2,3,0.6931471805599453,10.452042393112126,1,0,0,1,0
M58,2018,Motorway,32424.666666666668,5430,3154,23688.666666666668,0.16794320878227453,2.4,3,0.8754687373538999,10.386674728998162,2,0,0,2,0
M58,2019,Motorway,32694,5432.666666666667,3159,23954,0.166720375290718,2.4,3,0.8754687373538999,10.394946853811152,0,0,0,0,0
M58,2020,Motorway,24364.666666666668,4841,3039.6666666666665,16401.666666666668,0.2003871264463548,2.4,3,0.8754687373538999,10.100889274357701,1,0,0,1,0
M58,2021,Motorway,28482.333333333332,5676.666666666667,3237.6666666666665,19465,0.1985839875076093,2.4,3,0.8754687373538999,10.25703929100888,0,0,0,0,0
M58,2022,Motorway,31774.666666666668,6346,3236.3333333333335,22071,0.19843499856253063,2.4,3,0.8754687373538999,10.366424605575144,2,0,0,2,0
M58,2023,Motorway,32497.666666666668,6519.666666666667,2894.6666666666665,22971,0.19894341376255673,2.4,3,0.8754687373538999,10.38892357086866,1,0,0,1,0
M58,2024,Motorway,32963.666666666664,6687.666666666667,2880.3333333333335,23282.666666666668,0.20099404911482918,2.4,3,0.8754687373538999,10.403161223790729,3,0,1,2,1
M6,2017,Motorway,75748.28571428571,11928.142857142857,8390.57142857143,55054.142857142855,0.15932202765425066,16.8,7,2.8213788864092133,11.235171092281023,5,1,0,4,1
M6,2018,Motorway,73698,11869.857142857143,8362.857142857143,53097.857142857145,0.16059684748475633,16.8,7,2.8213788864092133,11.20773094076715,3,1,0,2,1
M6,2019,Motorway,75430.85714285714,11974,8475.714285714286,54630.857142857145,0.15865131023305593,16.8,7,2.8213788864092133,11.23097171620426,0,0,0,0,0
M6,2020,Motorway,57233.71428571428,11756,8386.714285714286,36922.857142857145,0.20221804636154997,16.8,7,2.8213788864092133,10.954898414323102,3,0,2,1,2
M6,2021,Motorway,66475.57142857143,13731.857142857143,8816.857142857143,43717.71428571428,0.20306452671190184,16.8,7,2.8213788864092133,11.104589812216755,6,0,0,6,0
M6,2022,Motorway,72027.14285714286,14629.857142857143,8208.714285714286,48903,0.19912188117502977,16.8,7,2.8213788864092133,11.184798311084514,3,0,0,3,0
M6,2023,Motorway,70266,13490.142857142857,7697.857142857143,48749.28571428572,0.19280076685555478,16.8,7,2.8213788864092133,11.160043319270192,1,0,0,1,0
M6,2024,Motorway,72262,13099.57142857143,7697,51134.42857142857,0.18235562170572164,16.8,7,2.8213788864092133,11.188053682148665,8,0,1,7,1
M60,2017,Motorway,115276.4,17621.925,8250.3,88964.15,0.1514953120503826,60,40,4.0943445622221,11.65508800187212,113,0,14,99,14
M60,2018,Motorway,112024.625,17482.9,8069.925,86033.4,0.1547118499134319,60.6,40,4.104294893075269,11.626473992181658,88,3,7,78,10
M60,2019,Motorway,117579.925,19012.1,8113.175,90021.225,0.1592512689010907,60.300000000000004,40,4.09933210373314,11.67487359409246,127,0,10,117,10
M60,2020,Motorway,98987.65,19219.825,7979.875,71527.225,0.19162046756802642,60.300000000000004,40,4.09933210373314,11.502750373860366,56,2,4,50,6
M60,2021,Motorway,108303.125,21159.475,8210.3,78648.05,0.1926091230386834,60.300000000000004,40,4.09933210373314,11.5926892876051,112,7,16,89,23
M60,2022,Motorway,117053.55,21766.6,7932.175,87025.55,0.183755533799321,60.300000000000004,40,4.09933210373314,11.67038680137841,83,0,20,63,20
M60,2023,Motorway,120841.05,22115.475,7737.325,90659.375,0.18019321953257975,60.300000000000004,40,4.09933210373314,11.702231324638626,82,1,11,70,12
M60,2024,Motorway,123475.75,22476.425,7650.45,93010.2,0.1785771580410652,60.300000000000004,40,4.09933210373314,11.723800059494447,75,1,10,64,11
M602,2017,Motorway,69259,9251,4092.5,55545,0.13316741153212774,6.5,2,1.8718021769015913,11.145608379503926,10,0,1,9,1
M602,2018,Motorway,66949.5,9240,4043.5,53308.5,0.1375656912713338,6.5,2,1.8718021769015913,11.111693882831535,12,0,2,10,2
M602,2019,Motorway,68899,9694.5,3511.5,55334,0.13989442614935013,6.5,2,1.8718021769015913,11.140396943108325,9,0,0,9,0
M602,2020,Motorway,47170,8046.5,3178,35749,0.1695769646514902,6.5,2,1.8718021769015913,10.761513376278307,6,1,0,5,1
M602,2021,Motorway,58636,10012,3604.5,44849,0.17131294322422042,6.5,2,1.8718021769015913,10.979104121409922,15,1,2,12,3
M602,2022,Motorway,62691.5,11278,3558.5,47585.5,0.179908778137854,6.5,2,1.8718021769015913,11.045981151242888,9,0,0,9,0
M602,2023,Motorway,68699,10984.5,3659,53724.5,0.16063801185370608,6.5,2,1.8718021769015913,11.137489922063743,10,0,2,8,2
M602,2024,Motorway,74746.5,10646.5,3383,60431.5,0.14225891258536122,6.5,2,1.8718021769015913,11.22185766741424,14,0,5,9,5
M61,2017,Motorway,83419.77777777778,13163.333333333334,6941.333333333333,62876.22222222222,0.15793996521708795,20.7,9,3.0301337002713233,11.331640703851173,23,1,2,20,3
M61,2018,Motorway,82555.33333333333,13208.666666666666,6954.888888888889,61934.555555555555,0.1606912064210715,20.7,9,3.0301337002713233,11.321224054570013,22,1,3,18,4
M61,2019,Motorway,84102.66666666667,13401,6973.555555555556,63271.77777777778,0.15910708326531348,20.7,9,3.0301337002713233,11.339793553742131,18,0,3,15,3
M61,2020,Motorway,67458.88888888889,12735.666666666666,6856,47661.77777777778,0.1897070838204283,20.7,9,3.0301337002713233,11.119273637814254,12,0,0,12,0
M61,2021,Motorway,74302.33333333333,14557.444444444445,7282.222222222223,52226.22222222222,0.1958661094047985,20.7,9,3.0301337002713233,11.215897634429886,24,0,3,21,3
M61,2022,Motorway,82479.11111111111,15409.333333333334,7225.666666666667,59544.666666666664,0.1881721322583469,20.7,9,3.0301337002713233,11.320300341609382,23,1,6,16,7
M61,2023,Motorway,85835.33333333333,15721.111111111111,7070.666666666667,62736.666666666664,0.183727688944163,20.7,9,3.0301337002713233,11.360186011117229,24,0,6,18,6
M61,2024,Motorway,88927.55555555556,16464.11111111111,7586.222222222223,64562.666666666664,0.18472812698531266,20.7,9,3.0301337002713233,11.395577334728774,20,1,3,16,4
M62,2017,Motorway,88192.77777777778,14509.888888888889,13135.444444444445,60201.22222222222,0.17086239432421987,28.6,9,3.353406717825807,11.387280354036461,27,0,4,23,4
M62,2018,Motorway,92455,15363.666666666666,13770.555555555555,62969.77777777778,0.17339669981411762,28.6,9,3.353406717825807,11.434477318641086,35,0,3,32,3
M62,2019,Motorway,100138,16988.88888888889,14393.444444444445,68382.55555555556,0.17562103175291213,28,9,3.332204510175204,11.514304513645346,31,1,3,27,4
M62,2020,Motorway,79092.77777777778,16706.777777777777,14677.444444444445,47547.666666666664,0.2152666609309014,28,9,3.332204510175204,11.278376844628632,9,1,1,7,2
M62,2021,Motorway,88062.55555555556,18970.11111111111,15478.111111111111,53444.77777777778,0.2195913721921716,28,9,3.332204510175204,11.385802699505911,26,0,7,19,7
M62,2022,Motorway,97085.88888888889,21034.666666666668,15022.777777777777,60765.11111111111,0.2213360550407819,28,9,3.332204510175204,11.483351318166513,20,0,8,12,8
M62,2023,Motorway,100823.22222222222,21870.777777777777,14778.555555555555,63900.77777777778,0.22185934948563665,28,9,3.332204510175204,11.521123987274908,30,3,7,20,10
M62,2024,Motorway,101218.55555555556,21373.444444444445,14395.666666666666,65182.444444444445,0.2191055498338287,28,9,3.332204510175204,11.525037374320027,28,0,11,17,11
M66,2017,Motorway,83321.83333333333,13360.166666666666,6313.333333333333,63171.5,0.16297430168283703,13.3,6,2.5877640352277083,11.330465898653397,10,0,3,7,3
M66,2018,Motorway,89337.66666666667,13684.166666666666,6667.166666666667,68532.66666666667,0.15503395440332882,13.3,6,2.5877640352277083,11.400178477111123,9,0,2,7,2
M66,2019,Motorway,90918.33333333333,13701.333333333334,6624.5,70153.5,0.15252477684825191,13.3,6,2.5877640352277083,11.417716946664864,17,2,4,11,6
M66,2020,Motorway,65740.66666666667,12512.166666666666,5158.833333333333,47839.833333333336,0.19177858732677666,13.3,6,2.5877640352277083,11.093472988126127,8,0,3,5,3
M66,2021,Motorway,68155.5,13968.666666666666,5660.666666666667,48259.333333333336,0.2057289938289933,13.3,6,2.5877640352277083,11.129547138196946,12,1,3,8,4
M66,2022,Motorway,85786.16666666667,15668.5,6470.833333333333,63335.833333333336,0.18392768041461657,13.3,6,2.5877640352277083,11.35961304481625,12,1,3,8,4
M66,2023,Motorway,91128.66666666667,16695.833333333332,5660.833333333333,68419.16666666667,0.18462485359231035,13.3,6,2.5877640352277083,11.420027706270075,16,1,8,7,9
M66,2024,Motorway,86017.33333333333,15471.5,5142,65108,0.18411044344002814,13.3,6,2.5877640352277083,11.36230410531469,9,0,3,6,3
M67,2017,Motorway,45032.5,7693,3046,34017.25,0.17235210444355664,7.6,4,2.028148247292285,10.715139730297713,7,1,1,5,2
M67,2018,Motorway,46124.75,7580.5,3085.75,35181.5,0.1662813553129364,7.6,4,2.028148247292285,10.73910496127394,10,0,2,8,2
M67,2019,Motorway,48550.5,7886.5,3230.25,37152.25,0.16412645628271758,7.6,4,2.028148247292285,10.790359772327614,3,0,1,2,1
M67,2020,Motorway,37134.75,7497.75,3142,26336.25,0.203637197387387,7.6,4,2.028148247292285,10.522308467887386,2,0,1,1,1
M67,2021,Motorway,41502.5,8585.75,3386,29374.5,0.20813902556083294,7.6,4,2.028148247292285,10.63350894536823,7,1,2,4,3
M67,2022,Motorway,43956.5,8858.75,3244.25,31671,0.20319499651116285,7.6,4,2.028148247292285,10.690955787513495,4,1,2,1,3
M67,2023,Motorway,45085,9148.75,3204.5,32550.5,0.20462095050227805,7.6,4,2.028148247292285,10.716304875934007,5,0,3,2,3
M67,2024,Motorway,46115,9125,2871.75,33944,0.1964624430832565,7.6,4,2.028148247292285,10.738893555669819,7,2,1,4,3
